id,document,label
9550865,친구들이랑 단체로 봤었는데 다같이 펑펑 어흑어흐흘거허엏헑 울어서 서로서로 당혹스러웠던 그만큼 마음울린 영화였음,1
5844840,중간중간 재미는있지만 지루함..잠와죽는줄 기대한만큼은 아님,0
7557482,18 이거만든색히 ㄴ누구야 주겨버려 진짜 내아들이 두살인데 니보단 연기도잘하구 더 잘만들것다. OOO들,0
8761216,진짜 애절하다는 표현이 맞는 거 같다.,1
5083519,유치해;;ㅡㅡ,0
10048655,좀 많이 재미없음어짜피 죽을애들끼리ㅜ사랑하다 한쪽이 죽은건데 왜슬퍼함?;;차라리 터미네이터 기계 죽는게 더 슬플듯 아윌백 다른사람을 지키기위해 희생하는기계 VS 어짜피 죽을애인데 사랑하다 죽은사람 기계가 더불쌍함,0
6604730,권선징악이라는 주제를 아주 제대로 보여주었던 대표적인 드라마. 탁구의 긍정적 마인드와 윤시윤의 눈물연기가 돋보였었다 b,1
10160374,공포영화치고안무서움,0
7638274,호모영화,0
10245168,앞에 20분 정도만 본 상태로 몇개월채 안보고 있는 영화 다시보기가 겁나게 짜증난다.,0
8718316,남자건 여자건 간에 어찌 밀짚모자 선장님께 반하지 않을 수 있으랴.,1
9918217,"연애를 하다보면 처음엔 좋았던모습들도시간이 지나면 숨을못쉴정도로 미울때가있다. 그 순간 조심해야한다는걸 보여준다. 이러한 작은 미움,분노로 이별뒤 모든걸 지우려할 때 그 미웠던 추억까지 너무 아프게다가올테니.",1
5868224,어렸을때 봤떤 작품으로 아직도 남네요 평점 낮은사람들은 그시절 영화를 안봐서 ㅉㅉ,1
9139620,성룡 영화 중 보아서는 안 될 졸작 중 하나. 고소영도 그랬듯이 김희선 역시 영화와 인연이 없는 듯,0
228341,유치찬란과 지루함.,0
6182162,짱 재밌당~~**,1
8531527,올해 메이저리거 류현진선수 방어률 갑시다. ㄱㄱ,0
7478073,처음과마지막은역시재밋네요,1
5618153,평점 첨써본다진짜 이건뭐 되도안한,0
9819941,"졸라 이런 핵노잼 영화도 오랜만이다. 연기 더럽게 못하네, 오광록이 저렇게 연기 못하는 배우였나...ㅡ0ㅡ;",0
9832813,페이크 다큐인걸 감안하고 봐도 별로 매력이 없다. 진부함.,0
7791099,이런건 안보라고 있는거다,0
8647646,재밌는데? 쓰레기는 절대 아님,1
7788779,이건 걍 남자끼리사귀는게공포,0
9412283,너무 재미있어요 !!!,0
8486695,제니퍼 코넬리 아주 섹시하다,0
10109010,게임을이정도까지재현하다니ㄷㄷ,1
9532423,"무조건 감싸고 지켜주는 것이 사랑이 아닌, 그의 앞길을 지켜봐주는 것도 사랑이란 것을! 부성애가 느껴지는 감동적인 애니메이션이었습니다",1
9744996,스토리가 너무 뻔하고 편집이 어색함..여주와 남주가 너무 안어울림,0
9501414,진짜재밋습니다~~bbbb,1
5048627,전 사실 이거보면서 어지러웠어요. 장르가 너무 불 확실해요,0
10035443,내용이 뭐가 막장이냐 저런 집도 찾아보면 많다~,1
9283836,올리비아 핫세를 봤으니 10점이 아깝지 않다.,1
1428006,good,0
7824968,포스터가 제일재밌다.ㅋㅋㅋ근데 양멱이 여자주인공이라 참고봣네 아오..제목이랑 내용이랑 전혀 다르자나 ㅋㅋ,0
7414814,b급보다졸긴처음이네..,0
7956327,"마이너한 사회적 금기의 소재를 극한으로 살려낸영화... 배우의 천재적인 사이코 연기와 지루할틈이없는 빠른전개, 생각도 못한반전시작부터 끝까지 눈을뗄수가 없는영화다.이런소재로 이렇게까지 의미를부여한 영화가 얼마나 있을까 근데 감독님 아역배우는 어떡해요",1
6800177,하~품,0
6636284,재미 더럽게 없다..1점준것중에 한국영화는 10점주는 M창있네,0
1646846,폭포탈출씬 이전까지 007사상 최고의 재미..,1
8128036,진짜오랜만에순수한영화한편이었다,1
5955300,이영화비디오대여점에서빌려보고카세트테이프샀던기억이.음악이무척좋았음,1
4440119,"뭐가 자무시란 말인가, 플롯 긴장,구성 없음 전달력이 너무 어의없음",0
4038691,롭 좀비.. 할로윈 시리즈를 시궁창에 빠뜨릴 속셈이냐?,0
7696502,코미디 범죄 영화의 교과서.,1
3042009,이게 소설이라면 모르겠으나 영화로선 쓰레기. 이런게 페미니즘? 픕~,0
9191234,한국영화에 건달 조폭은 조미료,0
6183172,점점드라마가 산으로 가는구나. 그동안 나왔던 대신들과 왕비는 어디로 간건가? 태자 장수왕은?,0
6230997,기껏 직쏘 잡았더니 잡지도못하고 무능한 경찰들 ㅉㅉ 개 쓰레기영화,0
3882513,cg도 없이 물량이 ㄷㄷㄷ 이런영화는 10점 줘야함..,1
10090448,1점 이상 주는놈들은 히틀러의 신앙생활을 미화한 영화도 빨놈들이다. 역겨운 선동영화,0
6465926,쓰레기 더럽게 재미없네 2점이상 점수준것들 M창,0
1716771,암울했던 과거.. 하지만 희망의 꽃이 피고 있다.,1
10079536,배우들 연기가 장난아니네요.. 잘만들었습니다.,1
6060096,중간까지 남녀 둘다 정신병인가 했음 ㅡㅡ;,1
8643576,"어린 여자애들이나 좋아할 법한 유치하고 진부한 스토리. 평점이 왜 이렇게 높은지 모르겠다.. 영화 자체는 별로였지만 앤 해서웨이가 예쁘게 나오고, 맨디 무어의 Stupid cupid가 인상 깊어서 4점.",0
2181800,재밌음,1
10259447,개재밌음 짱재밌음 별점 10 십 텐,1
3676324,볼만한 영화 ㅎㅎ 먼가 프랑스영화는 그나름대로의 재미가 ㅎㅎ,1
6533227,최고,1
7977779,거장의 마음을 느낄수 있는 영화 ~,1
9810944,감동적이고 슬프고 묘한 환상적인 영화 ㅠ 다시 보고 싶어요 ㅠㅠ,1
5155221,한국만화영화의 영원한 별빛,1
8092580,오랫만이다... 진정한 쓰래기 영화... 잠수함에서 핸드폰 수리도 해줘ㅋㅋ 써비스 센타냐????,0
5746865,재밌고 감명깊은 드라마였어요.,1
9709032,진심 시간이 아까워 돌아버리겠네요...정말 이렇게 노잼인 것도 오랜만입니다.,0
7662777,막장은 막장이네요 출연진 분장하는거 너무너무 성이 없네요. 시청자들 무시하는건지...,0
4677183,힘. 얼른 저 마음이. 나에게도.,1
5784954,나의 초등학교시절 본 영화. 마지막 엔딩..눈물 펑펑...슬퍼요.,1
9208357,"차도 역주행, 영화도 역주행",0
7345303,이런류의 영화중에서 최고임,1
4358451,정말 완성도 높은 드라마,1
358992,쓰레기 같은 .. ㅡㅡ;; 존나 오버떠는거 하나도 잼없다!!,0
5878677,"과거 성룡의 액션을 보길 원한다면, 절대 영화 보지 말것...;",0
9396929,잠수함영화의 끝판왕..ㄷㄷㄷ 말이필요없음..,1
5841822,예전에 극장에서 봤었어요^_^ 티비에서 어제하길래 다시봤는데도 너무재밌네요 역시!!,1
3330309,약간 쇼킹한 종교영화...,0
1593032,명작과 졸작을 구분하려 애쓰지마라..이곳이 너의 필드다.,1
9483748,아름다운영화말이필요없습니다보고나면마음에울림이오고잔잔해짐을느낄것입니당,1
8777723,배우들은 지네들 안뜨니까 이런영화 찍을껀데??? 왜 안뜨는지 진짜 모르는거야? 면상 딱 보면 알겠구만... 왜 지네 자신들은 모를까?,0
8385943,소와 함께하는 선문답 장난질. 이런 맙소사!,0
8244869,아이들의 만들어준목걸이가 코난의 생명을 구하다니! 감동 ㅠㅠ 이런걸짱은 영화상을 받아야해,1
7903625,ㅣ,0
9451557,영화를 이렇게 후지게 만들 수 있구나...의 예를 보여주는.,0
5577695,내가 다른 SF영화들은 거의 호평을 줬다. 그런데 이영화는 욕이나온다.,0
9438164,관심이나 흥미도 없던 클래식이 어느순간 좋아하는 장르가 되버린계기 김명민이란 ... 역시라는 말밖에,1
9768455,보라색 져지를 살까...,1
9618956,동방불패 ... 진짜 최고..,1
386646,가장 인상깊었던 영화...,1
6314143,마지막에 안심하라는 듯이 싱긋웃는 모습과 대사가 너무나 멋졌습니다.최고!!!,1
7695968,그냥막장미드...;어느부분에서웃어야될지도모르겟고 전개도너무어수선함...집중잘안됏던 근래에본최악의영화...ㅋ,0
9222203,재미 있었어요~ 아이도 재미있었데요,1
9199356,잘 만들긴 정말 잘 만들었다,1
8689998,진짜재밌었음 스토리도좋고,1
6572856,잠오는영화 잠안올때봐라,0
6200093,.....요술마차처럼 택시가 보름달위로 뜨는 장면부터 못 보겠더라,0
8832224,훈훈한가족드라마!!보는내내즐거워요~미소한가득♥,1
9780305,"진짜 평점 믿으면 안된 다는 걸 현실로 보여주는 영화입니다. 네티즌,전문가 하나같이 영화에서 예술성과 철학만 찾고있으니.. 영화 볼때 평점 안보고 봅니다.",1
2358243,"극적요소가 많아 약간 산만, 하지만 재밌고 아름다움! 대사와 영상이 멋지다!",1
9984270,오페라인데 뮤지컬처럼 대사가 참 많아서 독특했던..무엇보다 모짜르트 음악은 참 쉽게쉽게 귀에 전달되서 좋네요^^,1
7377375,의리로 1점,0
5736538,자본주의의 악순환,1
9798700,"얽히고 섥혀서 풀릴 생각이 없는 덩쿨 같은 인생, 그 와중에 용서와 화해, 사랑이라는 열매가 맺힌다",1
2475122,눈물이 앞을 가린다...,1
7503708,지금만나러갑니다 천사의사랑 일본 로맨스 재밌음,1
5455924,코미디 영화로는 10점 하지만 장르가 공포라서 1점 OOO기영화,0
4219769,어두운 영화인줄 난 몰랏다,0
7381686,시13발 넌 뭐냨ㅋㅋㅋㅋ,0
5927900,지나치게 낡은 영화. 스릴마저 부족하다. 두 연기파 배우마저 없었더라면 끔찍했을,0
6335697,"그래서 결론은 ""저질범죄자에겐 저질경찰이 약이다.""!?",0
7133917,ㅊㄹㅊㄹㅊㄹㅊㄹㅊㄹㅊㄹㅊㄹㅊㄹ,0
4403231,그야말로 무법천지 영화.,0
9949445,노잼보스 핵너잼 하ㅏ나도 안무서으ㅏㅇ 흥,0
4556243,기륭아저씨가 정말 파릇하게 나온 영화ㅋㅋ 결말 빼곤 다 괜찮음ㅋㅋㅋㅋㅋ,1
8915089,스물살은 그런대로 볼만하던데 이 영화는 그냥 3류에로영화.,0
10190837,역시 믿고보는 박해일^^,1
3655975,브루스 윌리스의 섹시함도 카리나의 매력도 영화가 주는 지루함 앞엔 장사 없구나.,0
5812932,무조건 봐야되여~~강추!!,1
9742275,진짜 개 쓰레기 영화..이리저리 좋은 영화에서 어줍싸리 몇가지 갖다 붙혀서 만들어 보려한 중2병 영화. 숨은뜻? 웃기고 있네 먼저 기본적인 영화가 되야지 이건 쓰레기중에 쓰레기영화임. 아저씨 + 본얼티메이텀 + 달콤한인생 을 합친 팬무비임,0
10045777,여태 까지 네이버에서 잔인한장면은 다봐서 나머지내용은 아주 잔인하게 느껴지지 않는다,0
236417,명감독의 졸작. 감동이나 재미는 없다.,0
5729843,기억의 마지막까지 함께 걸어줄 소중한 사람. 미안해요 언제나 고마웠어요. 이제 훨훨 날아요^-^o,1
6992318,보면서 긴장을 풀수없었음 시온과 마지막에 테라라 캐릭터도 맘에들었고 전세계를 배경으로해서 블록버스터감임 케로로 극장판중에최고! 케로로계의 타이타닉감!ㅋㅋㅋㅋ,1
9120576,아.... 할말을 잃었습니다,0
8391188,ㅜㅜ 내용이너무 지루해요~~,0
7839085,결말마저 비현실적인 패륜영화에다가 배우들은 연기 OO못하고 ㄷㄷ.. 어쨋든 그냥 쓰레이김 소설이나 영화나 둘다 쓰레기 시간아까워요,0
10204064,귀신은 도대체 무슨 명분으로 사람을 죽인거냐?,0
2601095,할말이 없다.,0
9274998,연기도 열라 어색하네...,0
8779431,이건 10점 만점이다 2 백퍼,1
6549138,43돈아깝네,0
7493514,최악의 영화,0
8401243,미워도 다시 한번만 ㅠㅠ,1
9661593,여기 나오는 명배우들 도대체 뭔 생각으로 여기에 출연한건지...,0
8025459,곽지민 귀여워ㅋㅋ 여배우가 완전귀여움,1
8483868,너란좀비 예쁜남자 으흠~,0
2323543,아 지루해지루해 전편보다 변 반틈깍아서 준다 70년대에나 획기적이었을 영화,0
8775558,평점 참 믿을거 못된다. 시청률이 높은것도 이해가 안간다.물론 취향이 달라서 재밌다는 분들께는 뭐라 말을 멋하겠지만 진짜 아빠어디가냐??,0
8189189,복수를 위한 최고의 만찬...?꽤 오랫동안 누워있던 스시 걸만 불쌍헌데 욱일승천기 많이 거슬린다...,0
8819833,꿀꿀개꿀잼 정자매겁나게이쁘다ㅠㅠ,1
8243931,"개막장의끝판왕 드라마 오로라공주인데 무슨 별점을 주라는건지?별점 zero,,,,임성한 작가의 글로 제작된 드라마는 때려죽여도 않볼건데개콘의 시청율의제왕은 웃기기라도 하지,,오로라 공주는 여태까지 본드라마 중에 최악중에 최악,,MBC도 욕나옴",0
1355954,양치기들 춤추며 노는 장면에서 더 이상은 몬 보겠더라,0
5785885,로맨싱 스톤 2.,0
6265368,김혜수 연기최고 나머지배우들도 굿 아쉬운게 있다면 노래가 쌩뚱맞음 마지막장면 사극인줄...,1
1554351,"어지러운 스토크, 보여주는게 전혀 없는 사랑 놀음",0
8963352,역시...라는 말 밖에..,1
8018318,방송한의도는좋았는데 좀 뭣같더군,0
5766732,1점도 아깝다,0
5772176,짱!!!!!!!!!!!!!! 연기도 연출도! 멋진배우들 아 보고싶돠...,1
9805900,동생이랑 봤는데 강대성!!!! 이것만 기억에남네여,0
9855319,나도 리슨형님을 믿었다,1
9678175,진짜 타위밍이 안좋앗어..,1
3847839,프랑스영화 웃음코드를 사랑하오 !,1
9221255,"포스터 표지만큼만이라도 두근거리게끔 재현해줬으면 뭐라 안하는데, 진심 어이털림.;",0
9747283,너무 좋았다지옥도 보고 희망도 보고 사진을 왜 흑백으로 표현했는지 알거같다화려하거나 아름다운 색채로그들의 이야기가 가려질까봐..굿아마존눈물에나온 부족 반가웠다 ㅎㅎ,1
5132059,아오이유우를 좋아하게 했던 영화 남동생도 재밌어요,1
7506542,굳굳,1
3757998,숨은진주같은 무협영화!,1
9381698,보다 껏네요...지금시대가언젠데 어휴..공룡들보면 무슨장난감갖고 사투벌임?돈아깝다...,0
5857391,박나재미없다. 낚인듯한 느낌 ㅋ,0
10130694,재미없는거 다보느라 죽는줄 알았네,0
4787171,원작만화가 너무재밌었기에 영화도 혹시나 했지만 역시나 재미가 없었다 ~~~~~~,0
8789303,삼류영화는아니고잘만들었지만저괴생명체랑성행위하는장면을보여줘서참역겹고토나온다사이코두과학자로인해죄없는둘죽고둘은참그짓하고당하고그리고내글지우지마왜내표현의자유를막아미친거아냐?,0
9934526,쾌감을 쫒다보면 처지기 마련.,0
8084911,줄리아 로버츠가 예쁘고 의상같은게 귀엽지만 지금 현실에 비추어보면 말도안되는 이야기. 보는 내내 너무 말이 안되서 마음이 불편하다. 신데렐라도 정도껏.. 매춘부와 엘리트라니.. 건질건 ost,0
3789288,게임같은 영상...재미도 별루...만화가 딱딱한 느낌...,0
9789211,진짜 재미없다.. 지루하고 뭔내용인지도모르겠고,0
9663320,재미있게 보고갑니다.,1
6031536,한국이 딱딱하지 않으면서도 눈물짜내지 않는 좋은 영화 만들수 있구나 생각한 영화!,1
10019793,마음을 얻기 위한 진실게임. 여운이 남고 계속 곱씹게 된다. 두 세번은 다시 보고싶어지는 영화,1
8053644,재미없다 잘 좀 만들어라,0
701286,탱크로 도심을 질주하던 액션장면이 매우 인상적,1
6503080,세상이 똥이라는 걸 꼭 빅똥을 투척하면서 강조해야겠냐 으이구,0
5731794,진짜진짜 재미있어요 완전 잘만들엇어요 ~^^,1
5359109,마지막 장면에서 스텔라가 보여준 그 미소가 머릿속에서 떠나지 않는다...,1
6347419,와웅 역시 감동도잇고 재미도잇고ㅎㅎ 재밋음,1
10204979,나비효과가 액션으로 바뀌었다고 생각하시면 됩니다. ㅎㅎ 강추,1
6313478,말로 표현 못할 무언가가 있네요..,1
9023835,송새벽이 주연을 맡기엔 무리가있다... 코미디도 아닌 코미디장르..,0
9512280,클레멘타인과 비교하면 어떻죠?,0
1590145,추천!!,1
9906041,자극적이기 위해 끼운 억지스런 장면들. 속보이는 뻔한 계산.연출성은 그렇다치고 감독의 인격수준이 바닥.,0
6029204,포스터에 나오는 스케일을 기대한 관객들을 맥빠지게 하는 영화. 메뚜기떼씬만 좋았음,1
1681366,조던이 그립도다 ㅎㅎ,1
8035444,재이없다재이없다재이없다재이없다재이없다재이없다,1
5620054,특별한 이벤트가 없다,0
1724525,유치한 영화. 스토리 구질. 캐스팅 최악 돈만 날린 영화,0
2109047,"뭐하잔 건가... 헉 달랑 둘이 봤는데, 괜히 봤다",0
8665930,분위기 좋고 ~ 몰입감도 짱이고 하나 부족한건.. 약간.. 눈에 보이는 스토리 ?,1
7087540,넘넘좋아요~~,1
4144548,트라일라잇주인공넘... 아직도 뭘하든 쨰려 보네.. 시사회 괜히 갔어ㅠ ㅠ,0
1468022,지루하고 따분하긴 했지만 색다른 시점의 영화라 신선했다.,0
58054,이 영화를 보고 한가지 얻을 수 있는것이 있다면.. 찜.찜.한 기분..,0
3635563,정말 영화다운 영화다...,1
8739881,진짜 재미만땅 이무니다,1
8964308,"독일 바그다드 카페, 일본의 카모메 식당 이 생각나네요. 일본에서 상을 주는 이유를 알것 같구요. 감상 잘 했습니다.",1
9759937,"(좋은 뜻으로) 시청자들까지 DID 오게 만들 드라마입니다. 마음의 상처는 단순히 극적 재미를 위한 장치가 아니라 함께 이해하고 끌어안아야 할 아픔임을 꾸준히 설득하기 위해 다가가려는 모습이 보기 좋습니다. 어디 가서 막 자랑하고 싶어요, 이 드라마.",1
3943116,진짜 어린앤가?,1
7065840,이게뭐지 내두시간 ㅠㅠ,0
5914784,"걍 시간 때우기용 영화, 이런 영화 흔하잖아",0
9122928,완전액션이 죽이네요 짱짱해요 런닝맨2도나왔으면좋겠어요,1
9538732,제목땜에 10점 드리고 갑니다.,1
8188425,별 기대없이 본 영화..하지만 20번정도 다시 볼만큼 후회하지않은영화...유료결제하게만드는 영화..ㅜㅜ그래도 아깝지않은 그런 영화네요^^,1
7341102,악동뮤지션 꼭 1등 하시길! 악동 뮤지션 파이팅!!,1
4414665,인디아나존스의 냄새만 풍기는 홍콩판 보물찻기,0
5939265,나에겐 묘한 추억이있어서 비디오도 소장중.... 지금보면 재미는그닥없지만.추억영화,1
9674250,"누구나 ㅡ낄수ㅣㅆ느덕을 영화화함...굿,,",1
9263611,여자배우의 가운데가 보이다니ㅋ,0
2595417,래픽은 딸리지만 최근에 만들었다면 명작이 됫을듯 good,1
9752209,킬링타임용으로도 안되는 영화,0
6730073,티비에서 봤는데 볼만하던데 ㅋㅋ ocn용 ㅋ,1
8607320,이 영화 독특합니다..ㅋ,1
6312911,걍 재밌음. 꼭 봐야함,1
9926300,전작과 이어지는 점은 흥미로웠으나 결국 기대이하..,0
7721016,아...시간낭비...돈낭비....아.....화난다....,0
3605513,93년 당시 최고의 액션 영화!! 지금봐도 재밌는데!! 당연 별 5개!!!!,1
9307738,마가렛이 부활하여 무대에서 실버를 겁주면 어떨까,1
5717851,무엇이 문제일까?,0
4471086,영화보기전으로 시간을 되돌리고 싶다.. 어처구니가 없다 킁.,0
8526861,폐허에 날아든 나비들의 얘기,1
864702,이야기전개가 느리고 따분하다...보고난후 감흥도여운도 없다,0
4007388,보는내내 괴로웠다,0
8070412,"코폴라 가문의 이름이 아가운 영화. 소피아 코폴라는 패션쪽에 일하길 추천한다. 감독으로서의 자질은 글쎄올시다. 행여나 프란시스포드코폴라에 관심 있어서 절대 비추.단언 컨대, 아이템과 소재의 보여주기식의 나열 .. 그외에는 없다.",0
10118723,한 4번은 넘게 본것 같아요. 졸라 웃김,1
7941554,드디어 내 인생 워스트를 만났다,0
7404772,씨앗영화,1
5707359,그렇게따지면 다 진실이아니게 걍드라마보는느낌이네요ㅋ,0
9225467,일본의 햄버거세대 60~70대가 현 한국의 30~40대이지. 문화로만 본다면 30년 세대차이가 나니까.. 어쩌면 지금 일본의 슬픈 현실이 우리 30대 미래의 모습이라 더욱더 서글퍼진다. 굉장히 현실적이고 감동적이었다.,1
4038645,영화를 보고 평점 적는 사람으로 정말 이해하기 힘든 영화!밑에 알바생이 많은가?!ㅠ,0
7749723,억지 억지 억지 밀실이라는 구성으로 기발한 반전을 기대하고 봤으나 실망... 차라리 마지막까지 서로 죽이고 피가 튀는 영화가 훨씬 좋았을듯...,0
2421925,너무유치해서... 중국영화 이젠 유치함..,0
7903206,스토리의 엉성함보다는 태권도라는 한국 고유 무술을 소재로 한 액션의 엉성하지 않은 화려함에 박수를 쳐 주어야 할 영화!!,1
8617482,누구 추천해 줬는 데 볼 방법이 없네. 추천한 이의 점수를 대신 올린다.,1
2070685,너무 지루해서 보다가껐음.,0
8971575,감동적인영화입니다Real,1
10148441,답답하다 남주들. 미국3류영화는 넘 유치하고 어처구니없다,0
9830703,너무재밌메요 최고네요,1
6558917,이런걸 3D 로 만들다니 ;;;,0
9285413,박진감 넘치고 긴장하면서 본 좋은 영화이지만 무엇보다도 소방관님들 존경합니다.,1
2450954,연애얘기만 아니였어도 꽤 괜찮은 드라마였는데...,0
8753646,손발이 오그러드는 저 연기력...,0
4645516,졸래 지루하네 20분보고 껐다,0
10247635,과학을 알아야 재미있는점을 알 수 았을듯.. 그리고 마지막 앤딩이 정말.. 평점한 사람으로 이햐가 안댐ㅡㅡ 많은 미지수를 남긴 영화..,0
9936129,일본영화 수입 금지 시절에도 비디오 테이프로 돌려봤던 불후의 명작 아 그립다,1
5481261,"똥파리와 죽이러갑니다, 유망주 김꽃비의 비교체험 극과극",0
6577402,"1점은줄수밖에없기에. 우리나라국민으로써 이런걸 제작한다는거 자체가 문제이며 , 이영상을 영화관에서 한다는것 자체가 돈많이안든영화들은 영화관 상영관조차 못 얻는현실에서 이런 영상들마저 영화관에서 개봉한다면 저지출영화들은 이제 영화관에못들어옵니다.",0
7089598,아이들이 보는 영화인데 아이들눈높이에 맞춰 훌륭한 작품이라고 생각합니다보고난후 아이들 얼굴이 상기 되었고 너무 재미있었다고 합니다,1
9788647,아무도 몰랐지만 어느 누군가에게는 잊지 못 할 추억 그 자체만으로의 소중한 아름다움,1
1030263,이런 걸작이 묻히는건 너무 안타깝다,1
8030298,평점 10 깨주지ㅋㅋㅋ,0
1822897,괜찮은 듯,1
8142288,내가 극장가서 본 영화중 제일 쓰레기 같았다,0
8400077,한국에서하나요???,1
10207383,시간여행의 모순을 상당히 잘 잡아낸영화,1
7270641,왕유치,0
8129059,노출 다 보여주는 충격적인 영화네유. 이런 영화는 내용이 좋냐 아니냐가 중요한 게 아니고 노출이 어느 정도냐가 중요한 거예유. 노출 보려고 보는 거지유. 좋아유.,1
328724,꼬마애들 숨 넘어가게 좋아하더라. 역시 애들이야^^,1
8822414,걍 함 봤다가!!!무슨 이런 영화를 이제야 봤는가했다!!잼있고 진짜 잘만들었다!!멜로 때문이 아니더라도 조정국이란 설정도 흥미롭고 전개나 연출도 흥미 진진하다~ㅎ꼭 한번 보길 바란다!!!,1
8969647,엄청잼있겟당 (근대더빙이면좋겟는듯),1
312257,정작 비 정규방송 청취 오타구들을 위한 영화란 말인가 -0-,0
2740047,참 재미있게 봤네요,1
7903034,우리 딸 보다 내가 더 신나게 보고 왔네요ㅎㅎㅎ,1
5736875,에리짱의 대사가 아직도 귓가에...............,1
1416568,그냥재밌다............아놀드는무적이다.ㅡㅡ.....,1
10065503,조조로 6천원주고 봤는데 진짜 돈아깝다..영화도 아니고 그냥 90분짜리 다큐?,0
7332631,"보는내내 '다시는 중국 영화안봐야지' 라는생각만 머리속에 맴도는 쓰레기 막장스토리 영화. 평점알바한테 낚이지마세요. 마지막 1분 허무하게 끝나는 전투씬 빼고 액션,전투 없어요.",0
6838892,한듯하면서도.. 안한듯 잔잔하게 흘러간 영화.옛 기억을 다시금 떠올리게 하네요.,1
9048807,감정선을 잘 건드리는 최고의 영화!,1
5475114,2%부족한 오락영화,0
8546152,와!!!! 오늘 막판에 수임이아버지 대박 ㅋ 사기꾼잡음ㅋ 들임이누나 평생사랑해욤 ㅎㅎ,1
2051946,재미있더라고 평안도 하고,1
6062975,평점 안남기는데 안타까워서 남겨야겟다. 걍 추천!,1
5385801,지우일행 새 마을 도착 -> 전설의 포켓몬 등장 -> 악당 등장 -> 족치고 해피엔딩,0
1295374,한심한 영화....,0
9811863,쵝오의 전쟁영화 입니다,1
161357,아프다. 슬프다. 다 `영화`였으면.. 끝은 좀 허무...,1
6003139,"만담을 듣다보면 점점 빠져드는 영화, 재밌어요~",1
479719,"모든화면이다살아있고,이윤기이름만으로도봐야할영화..",1
7680893,잘나가다막판에판다깻다;,0
1822317,싸구려 sf물 볼거리가 없으면 스토리라도 신경써서 만들었어야...,0
8309287,제가 살면서 본 영화중 정말 웃기게 봤고 크게 웃었던 몇안되는.영화.중 하나였던 걸로 기억합니다... ㅎㅎ,1
6289572,35화까지만 보는걸 추천.,0
7056010,평점이 왜이리 낮지? 재밌는데 치아의 중요함을 느꼈다.,1
9796010,정말 후반까지 이해 된다하면서도 지루하다가 추리하는 느낌으로 봤는데 맨 마지막 부분에서 뒷통수를 맞은 느낌이랄까... 정말 결말 부분 보고 이 영화를 봤던걸 후회하지 않았습니다.,1
9233777,여주들도 참 별로고 이런 밀실공포 소재로 이렇게 재미 없게 만들다니.. 스토리는 참 그럴싸 하다만 너무 몰입이 안된다,0
9934741,이름 함부러 짓는거 아니다,0
7914383,이딴 걸 영화라고 관객들한테 돈 받고 보여주냐. 드릅게 재미없구만.,0
9088889,1탄에 비해 매우 유치하고 졸작...,0
6077596,신영진 너무 이쁘고 연기도 잘하십니다.~~,1
8691622,쓰레기 소재? 어디 쓰레기소재 하나라도 안쓴 범죄 스릴러 액션 영화 있나,1
9338806,난 몰랐는데 대역이었나 보네ㅋ,0
8537820,이현지는 요즘 뭐하냐?,0
7719003,수영님이 연기 참 귀엽게잘하시는듯!! 준수아버님도~ 그리고 작가님 언어유희랑 집필력정말마음에듭니다ㅎㅎㅎㅎ싸랑햐여,1
9165792,제발 이런 쓰레기영화 만들지말자 국가적낭비다...,0
4243772,이게 영화입니까? 연출과 주제는 뭘 말하는 건가요?,0
10063869,영화들 대부분이 2차대전 감동스토리들이 평점들이 높더라구요 ㅋ 파괴적인 근성에서 솓아나는 감성이랄까.?,1
8047452,다시보기로 보고있는데 진짜 다시봐도 명작,1
5773286,미국식 코메디가 가득한 아이들 위주의 가족용 영화,0
9980892,대학교 교양 수업으로 이 영화를 알게되서 감상하였습니다. 지구온난화 문제에 대한 심각성을 깊게 알 수 있었어요 . 현대인에게 많은 걸 시사해주고 개인적으로나 또는 사회적으로 이산화탄소 배출을 줄여야 한다는 생각이 강하게 들었습니다. 좋은 영화였습니다!,1
4841050,"구역질나는 스토리와 구성, 음악이나 복선 또한 70년대 구미호 수준일세.",0
5197230,와우,1
7731807,휴지가 아까우신분들은 보지마세요ㅋㅋ..지금 영화본지 1분도 않되서 알려드리려고 리뷰 남깁니다..전 휴지 반을 다 씀..너무 슬퍼서 숨도 못쉴거 같네요. 차태현군 연기 역시 쩌는듯ㅇㅇ 강추입니다..,1
4744571,이것도 영화라고ㅋㅋ나도 할일없으면 영화나 한편 만들어야겠다,0
10044516,그나마 뜻이 좋아서 이정도 점수준다..영화 참~,0
9901663,저만 마지막 장면을 다르게 본건가요? 가브리엘이 비맞는걸 좋다고하는 대사와 비오는 파리가 좋다고 하는 대사가 주인공이 한말과 똑같아서 미래에서 온게 아닐지? 미래에는 주인공이 유명한 작가가되고 가브리엘이 과거로와서 그 유명한 작가를 만났다고 생각되는데,1
9703928,참 예쁜 영화. 이 영화 아주 좋아함.,1
5894820,무슨 이야기를 하고 싶은지는 알겠는데...아무리 봐도..,0
9082593,진부한 막장전개. 전형적인 한국식 배우팔이 영화. 평점높아서 기대하고봤는데 무슨 뻔한영화들 패러디물인줄,0
3789425,완전 귀여워~ 유치할줄 알았는데 잼있따~ 옛따! 별 5개 니 가지라!,1
7283522,쓰레기 영화 사회적 지위를 높은 사람을 보호해주는 이유는 결국 자신의 이익과 명예를 살리기 위해서이다. 이런 거지같은 영화는 지구상에 사라져야 한다.,0
4856454,시즌3에서 잘만 이끌어갔다면..,1
6691953,말이 필요없음..뤽베송이 감독해서 그런지..진짜 내용 탄탄한듯,1
7018943,"흐릿한 초점, 맥빠진 전개",0
9320605,1편이 잘만들어져서 롱런한거 . 2편마지막장면이 퍼포먼스중에선 제일 멋진 장면이라고 생각하지만 1편이진짜갑,1
4617533,TV 단막극 수준,0
2371969,망설임 없는 괴팍한 판타지.,0
9905501,또 하나의 감성팔이 ^^,0
8848618,굳이 공포영화로 만들었어야 햇을까.,0
10004409,명곡은 안나오지만 충분히 재밌는 뮤지컬 코미디명작....,1
7649358,디엔드 : 감독 최후의 날 이영화 개봉후 조지 토레그로사 감독의 다음 작품을 더이상 지구 어디에서도 볼수가 없었다,0
8011086,노라 아르네제더는 예쁘더라..나머지는 시간 아깝다.,0
7225134,독수리 5형제 몇번에서 그리고 몇 시에 나와요.돗수리 5형제 짱!!!!!!ㅋㅋㅋ보고 싶다 보고싶다.,1
1592821,우리나라 산전수전이 일본영화 비밀의 화원을 리메이크 한거야...바보들아,1
9815628,이것은절대1점이아니다11점을주고싶은 내마음이다,0
7185632,벼르한게도ㅜ아까운 빨갱이 선동영화 ㅉㅉ 진심 재미없고 빡침,0
6225590,팔황자 때문에 병남.,1
1375482,색다른 주제를 다루고 있다고 해서 절대 좋은 작품이 아니다,0
9443548,재미있게 잘 봤습니다!^^#,1
3727752,어제 케이블채널에서 봤는데.. 내 인생 최악의 영화로 당첨..,0
7863312,1점도 아깝다.,0
7976531,누님들 사랑합니다!,1
8236771,짜증나요 정말 민경채 맨날당하는것두 짜증나구 반복되는 은희수잔머리ㅠㅠ 아침부터 기분이 짜증난다요~~~~이제그만끌구 빨리끝냈음 좋겠다요,0
9325983,"물질만능주의에 폐해, 기계인간으로서 느끼는 고뇌, 자극적이고 화끈한 액션 3요소가 잘 조합된 명작",1
4331260,아 졸려,0
9323926,왜 평점이 겨우 8.86일까요..,1
9559279,그냥 톰 하디 연기 잘한다는 것만 보여주다 끝나네...,0
4511975,시사때보고 깊은 울림이 일었다..,1
6244899,전체적인 구성이 좀 어설프고 여주인공 앞니가 몰입을 방해하고..아..웃기다ㅜㅜ,0
6298997,8점대 이상의 영화 같았음,1
6933872,잘된 동화를 읽은 기분....내용에 몰입하면서 왜 다른것이 자꾸 오버랩되는지.... 한번이라두 잠시라두 위정자들이 제나라 국민을 위하고 무서워하며 정의는 반드시 실현된다는 믿음을 가지고 살고픈것은 정녕 이나라에선 꿈일런가.....,1
3877894,결말에서 '제발!'을 외쳤다.,1
10023380,꿈 하고싶은것 해야하는것,1
8150900,박철수 감독님께 대신 사과 말씀 드리고 싶네요.,0
9109122,개꾸르잼임 나쁜녀석들보다도 이게더 잼는듯,1
4392195,"남의돈으로,극장가에서,제대로쪽박차는 방법에 대한 노하우를 전수받고싶다면...추천.",0
9912720,마이너스평점은없는거냐,0
9995853,"3번째 이영화를 봤다만, 따라올 작품이 없을만큼 여전히 명작이다, 이는 틀림없다. Earn this, Earn it. 마지막 대사의 전율이란....",1
7728870,"글쎄요.. 양영희네 가족들은 솔직히 북한에서 남한수준못지않게 매우호화로운 생활로 누릴것 다 누리고사는축에 속한다고봅니다. 재일로써 일본에서 산다는것, 다시 북으로 돌아간 그들의 삶이 평범한 일반계층 사람들이 아닌 특권계층의 모습인지라 이질감이드네요.",0
9992571,기대호 감독님의 두번째 작품...신선한소재로 꾸려지는 내용이 너무 좋았습니다!,1
9912090,"세상일이 다 그런거라는 진리를 깨우쳐주는, 절대로 꿈과 희망이 넘실거리지 않는 극사실주의 영화",1
7569459,아름다운 드라마,1
6815764,전문가들이 평가도 안하는 수준,0
8168848,현제 연인과의 사랑이 진짜 사랑인지 아닌지 ..,1
9691687,결말 정말 실망스럽다우연히 보게 됐는데 이따위 결말이면 중국 홍콩 영화 다시는 안본다,0
7187461,정말 쓰레기인 드라마,0
7339414,ㅉㅉ1점도 아까움,0
7140430,이거뭨ㅋㅋㅋㅋ,0
5244343,원작에 미원을 치다.,0
3460177,보고도 안본거같은 영화....,0
7610736,이영활 아침 10시에해주길래 우연히 티비틀다보게됐는데 여자애가 어딘가낯이 익긴한데 설마 밀라요보비치겠어?했는데 역시나 밀라였다니 모델로 데뷔한줄 알았는데 영화토박이였구나....너무이뻐서 밀라는 아닌줄 알았는데 너무너무이쁘다밀라...근데 남자주인공변태ㅜ,0
9641060,시간이 아까웠다..휴,0
2782831,명차들로 볼거리가 많은 플러스 요인을... 배가 산으로 가는 스토리가 다 깍아먹음...,0
5540714,와 이런 후로게이빙의영화는 처음볼세,0
8543909,이런 소름돋는 스릴로맨스 진짜 내취향...와 오늘 설렜댜..,1
9694053,휴~설명하기도 힘드네;; 1편에 비해 너무ㅠ,0
8675497,좋다 배우도 연기도 그림도 대사도,1
9742331,"이상적인 그런 공간으로써 학교를 꾸며낸 것이 아닌, 진짜 우리가 생활하는 그런 학교를 잘 그려낸 드라마",1
9477235,중간에 나오지 않은 걸 아직까지 후회하고 있다 극혐,0
9364460,"좋은 뜻이 담신 영화긴하나,,, 비현실적이고 유치한 극 전개,,,",0
3017929,학교에서 단체로 보러 갔던 영화.결과는?당연히 학교가 싫어졌다.ㅋㅋ,0
7629640,대작,1
8509560,엔딩크레딧을 끝까지 보게만드는 영화 적절한 노래와 영상의 어울림으로 엔딩까지 남기는 여운에 마지막노래를 눈감고 듣게된다. 최고,1
9877493,OST 좋고~ 스토리 탄탄해서 좋고~ 최고~,1
23424,"동화같은 아름다운 이야기!, 월트디즈니틱!",1
2039329,영화관에서 본 후 아직까지 제목을 못잊겠다..돈아까워서..,0
9248181,이게무슨 7점이지..8점은 받아야되요,1
10271330,재미따재미따재미따재미따,1
3058374,한번 사는 인생 솔직히 살고싶다. 30대후반인 나에게도 용기가 생기게 하는 영화,1
7437098,이게 막장 스토리지..첨 본 사람이랑 비행기 화장실에서 그짓 하는것들의 반복되는이야기,0
8471315,1점도 아깝습니다. 진짜 성우님들 좀 쓰시라고요. 아이돌 쓰지말고전문적인 성우분들 냅두고 뭐하는짓이냐구요,0
7708742,화크 연출의 위력이다,1
3845868,제작비가 정말 아까운영화,0
6982455,처음으로 평점 남기는 영화 정말 쓰레기영화... 만화도 이런 저질만화가 없따..영화를 본 후 정말정말 후회할것이다!!!,0
7902237,"조지클루니 선장의 카리스마가 잭스페로에 비할바가아니닼 ㅋ.그나저나 목성의 대적반은 지구크기의3배? 라던데, 자연 또는 우주의 대단함은 인간으로썬 가히 가늠키가 어렵다.",1
3883170,맞을준비나 해라,0
9252563,대한민국 1프로급 쓰레기,0
8067611,화성인프로만 나오면 바로 채널돌리게 되네요^^,0
8748758,재밌게 잘 보았습니다.,0
8056168,단체로 낚시하나ㅡㅡ??? 진짜 재미없음,0
9999512,로봇영화 별로 안좋아하는데 보는 내내 몰입해서 봤습니다 몇번을 봐도 재미있어요 감동도 있고요 최고입니다~~^^,1
7090446,몰나,0
2913710,죽기전에 언제 대한민국에서 롤링스톤즈의 공연을 보겠는가,1
8650830,처음으로 빨리 돌리기를 반복하게 한 영화 ... 단연 내 인생 최고의 쓰레기 영화,0
9932673,"애정이 너무나 필요한 아이, 인생에 친구가 전부인 아이, 하지만 자존심 하나 때문에 애정을 밀어내는 불쌍한 아이. 마지막엔 자존심까지 버리고 애정을 구걸하지만 이미 늦어버린 마지막.",1
5554319,애들은 재밌겠으나 어른은;;;그나마 1편이 제일 나은 거임;,0
9707024,매력적인 드라마인데 마지막회 방송사고3번 뭐지?,1
8753711,"진짜 개쩌는 영화!견자단 영화 중에서 최고 재밌다다음이 엽문, 다음이 살파랑그나저나 영상미가 아주 죽인다~~",1
8229544,자이언트 샐러리맨 초한지 작가 수준 ㅎㄷㄷ,1
5881095,"진부함과 유치함 억지연출,대사들 때문에 온 몸이 오그라든다.....",0
10008568,기대가 컸기 때문일까 정말 실망이 큰 영화,0
6750609,"""",0
3312317,고차원적인 코미디라고나 할까? 어쨌든 사람마다 유머를 느끼는 부분은 다르겠지만,1
9961118,능동적으로 생각하게 하는 해준다,1
5293854,난 디게 재미있게 봤는데ㅋㅋㅋㅋㅋㅋㅋ,1
2829824,별로네요,0
5804629,명예의 전당에 자리 하나 비워라.,0
5527330,3시간중 30%는 술먹고 20%는 결혼하고 1% 고뇌하는 영화.,0
3813576,무섭지도 않고 재밌지도 않고 제작비가 아깝네요.,0
6763837,영웅은 마음부터 위대하여야 한다.,0
7212287,행크가 가슴 근육을 움직이는게 웃겼어요,1
6812269,소재가좋았씀,1
9793463,킬링타임용 영화가 시간이 안간다면 어떻게 하나??,0
10226358,상상력은 대단했지만 나에겐 맞지않은 영화,0
7222967,너무 지루하다.감독의 전작들은 개인적으로 매우재미있게 봤다.그러나 이영화는 아닌듯..,0
2745287,토요명화에서나 해줄만한 식삭한 로켄틱 코미디. 그나마 비디오로 보길 잘했지.,0
9344750,"그립습니다.. 영화속의 그는 행복한 마무리를 했는데, 실제의 그는 아닌거 같아서 마음이 많이 아팠습니다.",1
519840,그당시때는 돈도많이들인 획기적영화였지만 내용은 많이어이없음,0
8870153,"빌리가 꿈을 찾아가는 측면보다도 영화 속 사람들과의 관계가 더욱 인상깊게 다가오는 영화. 아버지와의 관계, 형과의 관계, 선생님, 게이 친구, 그리고 여자 친구까지. 가슴뭉클하고 짠한 영화.",1
294342,막판에 조지네요 --; 분위기는 좋았는데..,0
9664195,나만 낚일순 없지....,1
8059309,"진실된 평가 : 이거 보려고 종로3가 낙원상가4층 서울아트 시네마에서 영화 보고 , 바로 부천까지 급행타고 가서 롯데시네마 부천역 앞에서 봤는데 그냥 토렌트로, 보는 것이 당신을 위한 길입니다.",0
6269316,수작급 영화를 개취급하네 명작이여,1
7629198,꽤 흥미로운 전개와 결말이지만 하나같이 어설프고 허술하다.,0
9924881,별점이 아깝다 여자가 영화 긴장감도 없게 만들고 걍 노답이다 왜 봄 OO,0
5181804,아 정이건... 지금 비록 아저씨지만 내맘속 영원한 이상형 :-),1
6078826,그냥 섭외만 했니??내용이 허술하다,0
7140833,이 배우분들을 데리고..이건 너무 심하잖아요 ㅠㅜ 아 돈 아까워 괜히 결제 했음,0
398286,잼있다,1
9992940,"잘 봤습니다. 그런데, 마이너스 점수는 없나요?",0
3444604,출연한 지네들끼리 놀라고 소리치고 자빠졌네,0
9779477,Tv에서 해주길래 봤는데 여자 몸매때문에 2점 줌,0
8820889,매력적인 가족 구성원이 펼치는 폭소열전. 정작 본인들은 진지하지만 ㅋㅋ,1
1524238,순정만화 같다. 남자들 보기에는 지루할듯...,0
7994626,이거 10점짜리 영화다. 진심,1
5716851,결말이참 맘에든다. 넘 사랑스럽지만 이루어질 수 없는 로망스ㅜㅜ,1
6909967,진짜 6점은 아니다. 눈들이 똥구멍에 달렸나,1
7006800,미술영화에 관심이있어서 봤는데 마침이런스토리의영화가있네요,1
8914935,그냥 싸구려 포르노인듯ㅋㅋ,0
7012854,R.I.P Michael,1
296269,최고의 영화!! 말이 필요없습니다.,1
67416,현실에서 이룰수없는 사랑을 어떡하나...,1
2032371,각본과 연출에 자신이 없다면 좀 더 내공을 쌓은 후 작품을 만드시길..,0
566268,이해할수 없는 사랑담론?,0
6801763,대박이다,1
7094,이런 영화를 왜 만들었는지,0
7517478,"3번 정도 다시 보았습니다. 인도 영화가 주는 묘한 로맨스입니다. 유치한듯 하면서도 순수하고, 코끝이 찡하고, 메마른 감성을 터치해주는 영화인듯해요",1
9328971,"엠마 로버츠, 존 쿠삭 어울릴 것 같지 않은 두사람의 연기호흡 기대됨",1
6025947,쓰레기임..,0
6495050,한개도 아까운 쓰렉 중에 쓰렉 쓰렉 보면 진짜 시간 아까워 에전에 극장서 봤는데 지금 평점 쓴다 이렇게 쓰렉영화는 첨본다,0
7577976,"두사부일체, 조폭마누라, 가문의영광 한때는 먹어줬던 조폭코미디지만 더 이상의 속편은 이제 그만...",0
9897593,어렸을 때 보고 다시 본 건데도 재밌다,1
6770604,별로...,0
3479920,보기 그렇게 재미 있지는 않았던 기억이....,0
3885135,민망하지만 노인들의 성과 사랑을 볼 수 있어서 좋았음,1
2808489,술술 잘 넘어가네여,1
5835621,전태일 열사 정말 존경합니다. 노동 현실에 대해 각성하게 된 계기인듯 싶습니다.,1
281137,버려라 에잇 ㅡㅡ;; 배우만 일류급이지... 재미 없었다..,0
5716067,몽땅 화이팅!! 짱 재미있음ㅋㅋ,1
8478765,왜 이런걸 만들어서 사람의 시간을 낭비하게 하는가,0
1837905,청소년기에 감동적이고 재미있게 본 영화 지금도 기억난다...,1
3655805,꿈속에서 보는듯한 환상속의 나라. 가난하지만 소박하고 우직한 착한 사람들의 이야기,1
9123470,거장 김문옥감독 2014년 작품왜 거장인지 알수잇게해주는 영화ㅎ,0
9983364,본 영화중 가장 특이한 분위기의 영화같다. 내용도 독특하고 억지스러운부분도 있고 맘에안듦...멜로도 아니고 스릴러도 아니고 종교적부분도 섞이고. 쓸데없이 스토리 전개는 느릿하고 반복되고. 졸리캐릭터는 가엾은 기구한운명처럼 보이나 호감이 가진않음.,0
7905890,2편까진 봐줄만했다. 3편은 왜놈들답게 잔혹하고 변태스런 기질을 그대로 보여주는구나. 이런걸 청소년들이 보니 잔혹해지지.,0
6368189,最惡,0
9712437,여운이남는 영화 강추ㄱㄱ,1
6598116,재미도 없고 감동도 없고 무협영화로 변함,0
9303605,"오늘 마지막회 슬프고 아쉽습니다! 하지만 오랜만에 보석같은 드라마를 볼 수 있어서, 그리고 맘 고생 많았던 송윤아씨 복귀 성공작이라 좋네요 아이의 엄마 그대로의 모습을 자연스럽게 보여준 것 같아요. 실제 엄마로서의 모습도 같을 것 같아요",1
761367,도데체 이런영활 왜만들까,0
1088002,당신이 만약 불면증이 있다면 강추다..!!!,0
7008053,막장의끝이다,0
8597594,결론이 맘에 안드는 영화다.,0
8025122,사람들이 오멘을 자꾸 엑소시스트와 비교를 하는데.. 물론 엑소시스트1도 수작이지만 오멘과 비교하는 것은 무례한 일이다. 오멘은 오컬트 영화의 원류이자 최고봉이라 말할 수 있다.,1
7802674,최고였어요 정말잊지못할거같아요,1
8052946,혼자사는 입장에서 감정이입되서 정말 재밌습니다. 무지개 회원들 캐릭터들도 다들 독특해서 좋고 방송을 떠나서도 서로 끈끈한 모습이 좋네요. 앞으로 혼자사는 분들 추가되도 기존 회원들은 유지된 상태로 큰 변화없이 갔으면 하는 바람입니다.,1
2808834,채플린의 체코식 영화같은느낌. 무거운주제를 유쾌하게 풀어내,1
9176866,"국내영화 ""폐가""를 다시 보는듯한 정말 쓰레기영화였다...아놔 내 시간 돌려줘~~~ ㅎ",0
9778159,평점 조절합시다...,0
6185241,"돌체, 돌체, 돌체.",1
6830545,기대안하고 봤는데 기대이상이었어요 오랜만에 영화 몰입해서 봤네요..^^,1
10185548,잼잇ㅎ다 10자를써야하는구나,1
7084704,젤루 기억에 남는 영화 같아요.,1
10251006,이별도 없고 그냥 도라에몽의 이야기를 다큐멘타리식으로 보여준것밖에 없다. 이별은 전혀 없다.,0
8123308,단언컨데 역대최악의드라마,0
6477994,재밌다,1
7450247,미스매치!,0
8834853,10점짜리 영화다. 시간이 지나도 다시 보고싶은 영화.,1
2559747,100% 신하균때문에 봤다..,0
6815883,문광역의 배우 진짜 발연기임,0
3739460,추억의 네티. 참 재미있었는데 다시 또 보고싶다,1
9216451,슴가 뭉클해지는 영화ㅎㅎ,1
10073050,아..아버지의 사랑은 위대하다 정말 명작,1
8926728,지루하고 진부함. 픽사가 성장할 수 있었던 발판이 된 부분 중 하나가 된 영화! 그리고 조지 루카스에게 무한한 영광과 명예와 부를 가져다 준 영화의 시작!,0
393914,전쟁은 아직도 ing,1
5586000,"스토리 자체는 괜찮은듯한데, 그래픽이 쓰레기",0
6047858,만화는 역시 원작 그대로인게 좋은것같다,0
8888874,어릴 때 TV에서 봤지만 그때 당시에도 재미없었던 영화 중 하나. 식인사자 잡는다나 머라나. 굳이 찾아 볼 필요는 없음. 후반부에 시시하게 엔딩.,0
9613389,정말 나쁘진않네여^^,1
9927224,7시간 다 보고싶네요 너무 좋았음,1
7081201,옛날에 타르코프스키가 만들었던 작품에서 받은 솔라리스의 철학에 10분의 1도 따라가지 못하는 졸작 영화. 이것보단 타르코프스키 감독이 만든 <솔라리스>를 보세요.,0
630324,내의지로삶은이어져가는것일까 아니면그반대인것일까,1
8565715,오랜만에 봤는데 요즘 영화보다도 더 재밌어요 마지막에 미그기가 미사일발사했을때 대신 전투기가 격추당하는 장면은 정말 압권이었습니다,1
7449051,액션영화이지만 차분하게 볼만했다.,1
9832631,우리나라가 일제지배 받아서 인구+수명 2배 됐다는 개소리 지껄이는 애 작품이 개봉하다니 ^오^ 일본은 좋겠다..멀쩡한 집안 약탈하고죽이고강간하고 인정 안하고 '나땜에 집안 번성했다 '라고 개소리해도 그 집안 후손들이 이렇게 좋다고 빨아대니 ㅎㅎㅎㅎ,0
3721803,말도안되 최고다,1
10193403,일단 시나리오가 훌륭함 깔끔한 진행 연출 복선 마지막 반전까지 타임슬립물 중에 단연 수작 특히 최고인 건 브래드피트의 정신병자 연기 기가막힘,1
7861574,그렇긴하지,0
4275818,배제기 팬클럽회장해야겠다,1
6656172,4까지중에 1이제일 기억에 남네요. 주인공들 이 제일 멋진듯!,1
9837635,한국 애니메이션 미래를 위해서도 이런 영화 다신 제작되지 않아야 한다.,0
6858632,f리키 슈러더에 그 주근깨 얼굴... 마지막장면에서 울부짖던 모습이 잊혀지질않는....~~~,1
7092893,명작 오브 명작,1
9837808,sf보단 하이틴영화라는 느낌밖에 안든다,0
4526043,해코지의 모든 수단과 방법을 보여주는 드모네이의 전성기 시절 열연이 빛나는 수작,1
9737928,음악을 들으면 눈물이 난다...,1
3593348,"순수함, 솔직함, 따스함.",1
6841508,오랜만에 제대로된 예술성있는 작품을 봤네요 잔인한 장면도 나오지만 그만큼 더 각인시켜주기 좋은 메세지를 남겨줄수있겠고 19세기말 복장 배경 다 아름답고 ... 아름답지만 슬픈.. 불안한.. 인간의 추악한 본능을 드러내는..배우들의열연..소장가치있는영화,1
6667152,좋다...많은것이 담겨있다,1
8050314,왜이런영화를 만들었지?,0
198204,장면 한장면마다 너무 아름답고.. 여운이 남는.. 영화..,1
7473074,그렇게 쓰레기라더니 진짜 쓰레기네 와......,0
6485319,이거 다운하려는데 청소년 관람 불가라고 뜸,0
3558820,차라리 할로윈1 할로윈2로 끝내지 처음에 H20래서 할로윈 20편인줄알았다...,1
8637817,"좋은니다..^.,^~~",1
9701333,"영화가 도대체 시사하는 바를 모르겠음, 썩은 정치인들이 문제라는건지 아에 반정부를 원하는 영화인건지 전기를 쓰면서 전기세는 내기 싫고 가스를 쓰면서 가스를 내기는 싫고 무슨 도둑놈에 심보가 가득한 영화",0
10020384,스크린 데뷔하는 초짜 아역 3인방의 노련한 연기만으로도 9점.,1
3790530,묘한 웃음 코드가 있네요~ 사람의 내면을 잘 반영한듯 영화 좋네요~,1
6526526,12세이상 답게 유치짱ㅋ,1
9463395,대단하다는 말 밖에 안나오는 영화.. 특히 영상미.. 이런 영화는 처음임..,1
2399874,재미있었어요,1
7483393,최선정 정신병원 입원하는걸로 끝나겠어요육포는 간접광고인가요 자꾸 말도 안되게 육포 먹네요,0
5648494,쩐다는 말밖에 할말이~~,1
9836753,내가 아끼는 영화....,1
8447111,♥*♥*♥*♥*♥*♥*♥*,1
3391843,아 얼얼해 두대만 때리지,0
3925757,폐차장에 소각 해야할 수준의 허겁지겁 만든 내용.,0
8682027,분위기는 좋은데 뭘 말하고 싶은건지 도대체 모르겠네 ㅋ,0
6448333,우왕좉타,1
9072116,자세한 묘사 없이도 캐릭터들에 대한 매력을 느끼게 하고소소한 사건들을 엮은 잔잔한 진행으로도 흥미로움을 갖게 한다,1
2194737,very good !,1
8662018,"극혐....,,,,",0
6716952,재미있을 것 같다 지금은 소녀시대!!,1
7575793,헉~~~~~~~뭔지 모르겠다는...감동실화라는 말자체도 이해하기 힘들어서..ㅠㅠ,0
7694123,9점대 찍어라. 명작은 명작일수밖에없다.,1
5055770,미국공중파TV에서한국비하한 멍청하고무식한병맛멕라이언.그장면봤는데 본성나오던데?,0
5339244,어지간 해서는 로그인 안하는데 이건 뭐 대박이다.!!,1
2920168,다른 극장판시리즈보다 비교적 긴장감있는 탄탄한 스토리에염~^^,1
8960917,"부천 롯데시네마에서 봤었는데, 보는 사람이 나랑 동생밖에 없었다는 게 많이 씁쓸했고 안타까웠다. cgv에서는 블랙딜 상영 자체를 안 한 것 같던데 그것도 많이 문제가 있는 것 같다. 많은 사람들이 봤으면 좋겠다. 좋은 영화다.",1
7776354,3d 입체효과는 갑인듯....,1
5748212,보나 안 보나 마찬가지.,0
303721,..,0
9579142,"이 영화는 포스터부터 에러였음,,",0
2575100,명배우들의 눈부신 연기는 인정하지만 전체적으로 긴장감이 부족한 것은 어쩔수 없다,0
9988146,그럭저럭 뭐 관찮음 비현실적임,0
6885217,작가가 제정신이아? 이성민 때문에 본 드라마를 이성민을 디스해?산부인과가 이만큼 잼있더냐?그지같은 대본으로 연기 잘해줬더니 은혜를 원수로 갚네...골든타임2 나와도 안봐!!!,0
9405914,생각보다 평점이 높네. 그냥 그저 그런 영화. 현실에서 저런 여자 없음. 솔직히 너무 막 나간 영화,0
5547386,"재미없는 방법으로 강자의 약자에 대한 생사여탈권, 그 가벼움을 배워보는 시간.",0
9722962,재미있게 봤습니다. 특히 봄봄 !!,1
10160212,과대 광고에 속았다!! 보는 내내 하품만 하다가 나옮!! 이걸 누가 판타지라 했나?? 졸타지다!! 일본이라는 나라가 그리 보여지는 것 처럼 후한 나라던가?? 아직도 과거에 대한 반성조차도 안 하는데!! 로맨스 좋아들 하시네!!,0
8212119,"재미있게 보고 있다, 어제 본방사수 보니까 다음 주 방송 기대된다 . 주연배우 연기 좋은데 왜 사람들 안 봐요?",1
3927080,공감하게 되는 영화네요,1
5299045,이거 드라마떄 완젼짱이던뎃ㅎㅎ,1
8164533,아무렇지.않게 욕설하는 제작진이 만드는 프로그램이라고 생각하니 소름이 끼칩니다.,0
2117101,언젠가 4기가 나올 거라고 ..아직도 그런 멍청한 바람을 한다,1
7560472,페리스 나올때 빼곤 날씨만큼 추운 영화,0
5764719,경찰출동해야겠는데,0
9207679,아무리 역할이 총감독이라지만... 오시이 마모루는 이제 끝났다...,0
6931933,결말진짜실망이다...바람핀사람이 결국 나중에승리한다는건가먼가차라리재결합을시키지말고 각자살게하던가최악이다,0
1542426,안 보는게 좋은 영화. 그나마 음악은 괜찮다.,0
10024463,명불허전이죠.. 첫사랑.. 첫사랑이어서 가장 소중한..,1
8632024,재미잇엇다 좋은 영화엿따,1
9031230,"여러번 볼 수록 배우들의 눈빛, 표정, 행동이 이해가 가네요. 노출을 넘어서서 정말 잘 만들어진 좋은 영화입니다.",1
7264590,보기전에는 편견가지고 봤는데 보니깐 꼭 그렇지는 않더라구요. 파격말고 다른 것도 볼 수 있습니다.,1
4221133,참 썩어빠진 영화입니다. 태권브이는 짝퉁로봇이기 때문입니다.,0
6004661,재치있고 풍요롭다. 멋진 영화다,1
9441594,엔간치좀 질질끄세여ㅡㅡ 완전막장드라마ㅡㅡ 빨리끝나고 새로운프로보고싶네진짜 재미없으ㅡㅡ 갈수록내용전개도억지로 시간끄는듯한내용ㅡㅡ 짜증나,0
8348616,보다보다 이렇게 재미없고 흥미를 안끄는 좀비물 영화는 처음임... 비추,0
814345,최악이다!! 비추!!!,0
8873804,이거재밌는데;왜평점ㅇ이래,1
8122824,친일파 자손이 버젓이 스크린에 나오다니...재산몰수후 일본으로 추방바랍니다.,0
6995722,ㅋㅋㅋㅋㅋㅋㅋㅋㅋㅋㅋ평점보고웃어본적은또첨이네 ㅋㅋㅋㅋㅋㅋㅋㅋㅋㅋㅋㅋㅋㅋㅋㅋㅋㅋㅋㅋㅋㅋㅋㅋㅋㅋㅋㅋㅋㅋㅋㅋㅋㅋㅋ,0
9217510,뜨든 똥습녀 등장 ㅋㅋㅋ,0
7296377,재미종범,0
9569820,바보도 사랑을 안다 왜 배울 필요가 없으니까사랑하는 사람이 내가아니여도 행복하길,1
1148898,자신의 능력을 제대로 발휘하는 작품을 못만난 빈디젤,0
6309880,괜찮다.,1
7801557,와~ 대단한 작품 꼭 한번 보세요..^^ 강추합니다,1
10124489,죄의식이 전혀 없는 싸이코패스를 미화한 영화..,0
6019470,감옥소재 영화로써는 상당한 걸작. 밖에 일반인이 죄수 가족이니 걱정하죠 ^^,1
8166407,박시은 나오는 드라마가 다 그렇지 뭐~,0
10181423,영화 대사에도 있듯 인간의 잔인함에 초점을 맞춘 영화같다.,0
9277146,"진짜 김구라씨 막나가시네요. 김구라씨랑 다른 엠씨분들 어제 서로 치고나가면서 진행맥 뚝뚝 끊기고. 게스트나와서 정작 게스트본인들 얘기는 안하고 Sm공식입장,타그룹연애설 들만 왜ㅋㅋㄱ그걸왜 묻냐고. 본인한테물으라고. 김구라 언젠간 또 크게 터질거다 ㅉㅉ",0
10013240,진짜 진짜 재미이써요 ㅋㅋ,1
9180143,어리버리한 영구와 한바탕 웃을 수 있는 즐거운 영화.,1
9885444,관객이 다 보고 있는데 저 뜬금없는 결말이란... 초능력으로 죽인것 외엔 달리 설명할수가 없네.,0
10110211,세스 맥팔레인 팬 된 유쾌한 영화 ㅋㅋㅋ,1
9457376,이영화를 왜 끝까지 봤는지 후회중... 댓글에 걸작이니 뭔 소리들 하는데 정말 간만에 아니 내가 본 최악의 영화이다. 졸작중에 쓰레기 졸작임..,0
10100002,우리는 모두 무언가에 대한 덕후다.,1
767504,기독교 사람들의 말을 듣지마시고 보세요.ㅋ,1
592008,"제목과 무관,영상미와 편집이 대박.포르노를기대한다면 꺼지삼.",1
7405061,"스필버그란 대기업의 퇴폐적 문화, E.T 연대기의 실패, 이것이 과연 3000억 벌어들일만한 영화인가?후크란 소재로 어른과 아이의 동화된 혹은 잃어버린 동심을 향한 팝콘무비",0
7213380,주인공둘보다 악역인 유승호가 더매력적이다 어떻게보면 유승호 미스캐스팅이지 오징어둘하고 붙여노니 악역이 악역이아니여,0
9250678,처음에는 나중에 대단한 결말이라도 나올듯 긴장감과 호기심을 유발시키나 결국 결론은 흐지부지...용두사미격의 영화다. 영화를 보는 내내 몰입력은 전혀 없다. 유럽영화 특유의 어둡고 깝깝한 영상으로 시종 일관한다. 대표적인 저예산 영화라고 할 수,0
9843537,토나올정도로 우울하고 어두운 영화. 김기덕꺼는 남는거라도 있지.. 무료라길래 봤더니 참..,0
9619023,무조건 10점 평점이 터무니없이 낮네,1
9476322,"잔인 스토리탄탄하고 작품성있고 몰입성도 좋지만, 뭐랄까 안타깝달까..",1
10166531,와 이걸 축구랑 연관시키넼ㅋㅋ,0
10164253,노무현 대통령 자살한것도 영화화했으면,0
6823054,이 드라마는 제가 본 드라마중 가장 최고인것같아요 ㅋㅋ다들연기들 너무잘하시고 마지막까지 화이팅하세요^^강우진 차순영화이팅ㅋㅋㅋ,1
7060071,아놔 지루해서 못봐주겠네,0
5023140,흐암... 하품 나는 공포영화.,0
9901801,어린이들이 소름돋기에 안성맞춤 스토리.,0
7582224,난널보고있지만 너날볼수가없어 짝사랑은 그런거야,1
3472030,오늘 봤는데 너무 재밌어요 !마지막에 비버 노래 뮤비도 나왔는데 노래 중독성 있네요,1
6855854,관객들에게 무엇을 전달하려 한건지 잘 모르겠네욥나무가 아버지라면 가족들은 힘들게 한건아닌지... 나무를 아버지라 생각한딸이 나무를 지키려한 내용으로 밖에 안 보여지는데... 결국은 쓰러져서 집까지 잃게 만든건..ㅡㅡ;;;,0
1366790,여기서 망작으로 변했지,0
7567886,아주 밋밋하다 못해 잠들뻔 한 영화.,0
9501004,올해영화중 가장기억에남는영화,1
6666040,김상중의 절제된 감성연기가 돋보이네요 역시 연기파,1
689110,잊지 못할 드라마,1
1121561,"최성국의 발견, 김병세와 하유미의 변신",0
8398543,3또는 4배속으로 봐야함. 그냥 보면 털림,0
9919438,김민종 허세 가오 절정. 윤다훈 노홍철 욕버젼. 황신혜 젊은 여배우한테 몸매 밀려서 배바지. 황인영 현실성 완전 떨어지는 말도 안되는 은장도 술집녀.,1
9557592,ㅎ한마디로 쓰레기영화,0
9409509,"그리스하면, 막연히 알렉산드로스 대왕만 떠올랐지만 이 영화를 통해 레오니다스 왕이라는 인물을 알 수 있었다.",1
9148252,짝퉁 혹성탈출 사기당했다,0
9913347,대작이예요~! 꼭봐야하는 영화,1
9029306,쓰레기 영화설명이 필요한가?단순히 흥미주의에 급급해서 스토리와 개연성은 볼줄 모르는 친구들이야 재미있었겠지 ㅋ,0
4446519,겁나 재미 없네요,0
6338059,이런영화가 좋더라.,1
3406116,"달리고, 또 달리고",0
5773677,볼만함.,1
9036344,이 감독의 경종을 울리는 방식은 참으로 독특하다. 영원을 찾아나서 안식의 깨달음에 이르기까지 각본도 배우도 연출도 훌륭하다,1
9503050,덴젤 워싱턴..믿고 보는 영화. 영화 구성과 시나리오까지 우수,1
4792912,그냥...,0
8134507,완전재밌다 오늘최지우 연기대박이었다 이제몇화안남았는데 ㅠ,1
9840356,결국 젊은 놈이랑 결혼 할라구 구라친 마누라 ㅋㅋ,0
9909384,뭔가 특출나게 새로운 소재는 아니다. 그리고 뻥터뜨리는 유머도 안나온다. 적당하게 볼 만한 오락영화,0
7355794,"기타노 자신의 스타일을 퇴색시키지 않고 낯선 미국땅에서도 그대로 스며들게 한 진정한 걸작. 기타노 뿐만 아니라 조연배우들까지도 빛을 발하는 진정한 명작. 폭력의 말로와 더불어 그만의 폭력미학,미장센을 톡특하게 보여준 정말이지 한번 더 상기되어야 할영화",1
7208016,너무 뻔해,0
9880301,"아니 얘네는 왜 항상 아무것도 없으면서 언플먼저 하고 낚시질이지?? 예고편도 기사먼저 띄우고 이틀만에 올리더니 영화도 IPTV 개봉 ""했다""고 기사만 달랑 ㅋㅋ 정작 볼수있는곳은 없음 ㅋㅋ엿같아서 그냥 결제 안할란다",0
10067350,너무귀여워요 애니매이션좋아하는데 그중 잊지못할 한편이 될 것 같아요!!!,1
5300559,너무 잼있게 잘 봤습니다. 같은 업종의 종사자로써 공감 100배 입니다. 대박나세요.,1
8194634,나름 괜찮게 잘 봤다..,1
9645639,솔직히 말하면 평적깍을려고 1점주는게 아니라 진짜 저한테는 1점영화임 뭐 평점 깍는다고 비공감 쳐 누르겠지,0
5385594,완전 좋아하는 드라마예요. 요새 다른 미드는 안봐도 굿와이프는 꼭 챙겨봐염,1
4625608,너무 잼잇네요...다시 보고 싶은데 어케해야 되나요?,1
10011390,차타고 가는 장면만 한시간 넘게 나온듯... 영화에 이야기가 없어 이야기가.,0
1194004,소재는 좋은데 내용은 완전 b급영화 같다,0
6051440,'헉뭐야!'가 아닌 '아뭐야'라는 탄성이 절로 나오는 반전..,0
6119385,류승범말곤그닥...게다가 선정적인 것들이 12세이용가라기엔좀...,0
4337401,충격적인 반전이 없어도 재밌을 수 있다는 대표적인 예,1
8133160,별 기대 안하고 봤는데 꿀잼,1
8587942,정말 재밌게 봤는데 평점이 낮네요.,1
2853629,그래도 막판에 뭐 있을줄 알았다.....근데 뭐냐고!!!!!,0
8769438,배경도 아름답고 이야기도 재밌고 다 좋습니다.,1
9855026,내가 영화를 좋아하는 이유,1
9566750,"삶의 희로애락을 가득 닮은 영화. 꿈과 현실간의 갈등을 겪고 있는 남편과 아내, 현실적인 부부간의 갈등과 노부모. 하지만, 현실들사이에 숨어있는 소중함을 보지 못하는 우리들. 급변하는 시간속에 살아가는 우리들에게 꼭 필요한 영화가 아닌가 싶다.",1
6861311,"아무리 별을 많이 줘도 아깝지 않을 영화.. 로렌조 오일입니다.. 닉놀테, 수잔 서랜든의 연기도 탁월.. 이땅 부모님들을 위해 바치는 영화.. 너무너무 감동... 강추~! 초 강추~!!",1
5976573,굿....,1
9932895,이런 영화는 무슨 재미로 보나?,0
9234468,"저예산 티 팍팍나네요ㅋㅋ..허접합니다그냥 쏘우보세요ㅋㅋㅋ..,왠만하면 4점은주는데 ㅋㅋ이건차라리 b급영화로갓음 더좋앗을껄 어설프게머리에잇는폭탄도글고 쏘우짝퉁입니다",0
4047229,설마하던 예상을 전혀 빗나가지 않던 전개. 이것이 이영화 최고의 반전 포인트다.,0
388070,혜은이 살찌운게 불쌍해서..4점;,0
6252558,40자로 요약하기도 어려운 저질영화. 좢이큰루니 지 잘난 홍보용 싸구려 느와르,0
6496152,오오오,0
3138817,시대의 격동기에서 구시대의 인물이 풍파를 헤쳐내고 자신의 길을 걸어가는 이야기,1
1806266,"명작이라생각된다,.",1
4861797,원작보단 못하지만 2명이 이끌어내는 스릴은 대단함.,1
7917347,완전 짱!,1
6563514,영화인지 쓰레기인지 구분이 안가..2점부터 점수준것들 M창,0
8931566,90년대에 변화를 추구할 줄 모르던 한국 영화 감독이 만들어낸 작품건질 거라곤 외국으로 간 한국 영화의 시도이자 혹성탈출과 제로 다크서티 그리고 화이트 하우스 다운으로 유명한 제이슨 클락의 단역 연기,0
10122924,내용이 이상하네요.... 2편부터는 좀 나아지길....,0
9888926,재밌었어요. 유머코드가 멋졌음,1
7039651,볼만함,1
9034258,"신선하고 유쾌한 아라비안 칼라. 캐릭터, 플롯, 스토리, 사운드트랙 모두 완벽하다.",1
10179915,"애니 시즌2까지 본사람으로써 카이지의 오락요소,재미요소,심리전 등의 요소가 아예 싹둑 잘려나간듯한 영화다..",0
8875120,말이 필요없다..내가 준 평점이 대신 말해준다.,1
6182754,이런걸..영화라고.,0
4898410,재미 엿 .,0
8773313,별점이 한개가 최하인가? 별 한개도 아까운데...영화 좋아하시는 분들 아무리 더 이상 볼 영화가 없어도이건 보면안됩니다 TV에서도 보면안되요보면 욕나오고 후회 x10000,0
2346930,큰 재미를 바란게 아님에도 불구하고 지루하게 느껴진다,0
5266,절대.비추.짜증의 연속.못믿겠다고?그래도 보지마셈 (-.ㅡ)p,0
6038742,개졸작,0
8061835,큰 깨달음을 준 영화입니다.,1
573771,퀸틴 타란티노의 포룸을 어줍잖게 패러디한 졸작,0
9819997,화려한 영상 빼고는 볼거 없는 영화,0
6758069,"한마디로 개 유치하고 어린애들이나 볼 영화 , 마지막에 당신은 열한번째 호랑이가 틀림없군요..이거 정말 너무 한거 아니냐?? 토할뻔 했다 유치함에..",0
9834031,진짜 재미없어요. 보지마세요. 땅에 돈 버리는 취미를 가진 분만 보세요. 남자주인공은 연기 진짜 개못하고 몰입안돼요. 스토리전개도 엉망ㅋㅋ 왜 만든지 모르겠는 진짜 지루한 영화에요. 비긴어게인?원스?기대하면안되고 그냥 돈만원내고 주무실분만 보세요..ㅎ,0
8703033,극장에서 못봤음 보지마라... 이건 스크린으로 봐야 최고다...,1
7536255,무슨 이딴 영화가 평점을 7점대나 받고있는거냐 정신차려라 이 제로개념들아,0
9997623,콘택트 > 넘사벽 > 인터스텔라..,1
3783775,이쁘니 아만다 사이프리드 때문에 한표 ㅋ,1
2887022,모야 이거 코메디 아니야? 존나 웃겼는데 공포였다니 헐;;;,0
5747694,지루하고재미없음1이더나으왜2를만들었는지이해가안가넼ㅋ,0
7067649,"리뷰말대로 마약끈을때 연기 너무 잘함...실제로정말해본사람처럼,,,너무훌륭하다...",1
7074926,난 너무 재미있게 봤다. 너무너무 멋있는 엘 !,1
5955530,영화의 완성도라는 문제와는 상관없이 재미가 없다. 완성도는 있지만 완전히 꽝이다.,0
9480003,골때리네ㅋㅋㅋㅋ 걸스데이 이혜리 잘 되라!,1
9811592,디셈버광팬이라 노래들으려고 봤다. 애초에 스토리자체가 말도 안되고 소년원대신해서 군대가는것도 말이안된다. 차라리 실화대로 일본에서 공부하던 학생들이 고국을 지키겠다며 싸우는 스토리로 했어야 했다. 소년원이뭐냐 지켜주신분들 쌩양아치로 만들어버리고 ㅉ..,0
8891865,완전 재미있어요!역시 디즈니♥꼭 한번보세요!,1
1143683,"또라이 중의 또라이, 오시이 마모루",1
3937130,ost가 .,1
7109384,동호는 창피하지도 않나?,0
3048997,호러를 가장한 히어로영화. 전편의 충격을 다 잊어 버리게 하는구나..,0
10191196,시리즈중 가장잼다 ㅋㅋ,1
8653872,이 영화가 평점이 이거밖에 안되다니 ㅡㅡ,1
6350037,"많은 이들이 꼭 한번 봤으면 하는 "" 안녕, 하세요! "" 한번 더 보고 싶네요...!",1
9786938,6.5점은 너무 짜다... 7점 이상가야하지않을까... 진짜 재밌게 봄,1
9229587,포스터보고 쫄았다가 보고나서 푹빠져든 영화.,1
5207261,도대체 ost 구입 할 수가 없네...어디서 들을수도 없고...젠장,1
457341,100점 만점,1
10078020,HELLO 짜장면!!,1
1322989,罪人 이 아닌 제인.. 그녀에게.. 경배를..,1
8688633,유아인을 비롯해 배우들 연기도 좋고 이 정도면 상업영화로 볼만하지 않나 싶은데 평점이 무지 짜서 이유를 모르겠네요. 솔직히 억지스러운 설정에 있는 영화들 많은데 왜 이 영화만 유독 냉정하게 평가하려하는지... 암튼 전 볼만했어요,1
9472607,잘봤다.. 디즈니가 정말 맘에든다,1
9321488,공감많이가는영화!!,1
2439382,A+삶 .. 영화는 F,0
9287412,다시 보고싶은데 볼 길이없어요 아무리찾아보아도ㅜ 아련한기억들,1
9727270,괜찮다. 특히 결말이 좋았다.,1
8569380,새로운 패러다임의 한 획을 그은 작품. 마지막 까지 끝내준다.,1
839275,안개말고는 아무것도 보이지 않는 영화,0
2667686,이 영화는 음악전기 영화지. 불륜에 초점을 두어선 안될듯. 난 만족!,1
1690292,시즌2 안한다면서요....,1
9330198,영화 만드는 영화는 영화와 관련없는 관객에게도 재밌게 만들긴 힘든것 같다...,0
9942320,드라마도 이보다 훨 낫겠다. 이건뭐...,0
8126100,역대 최악이라고 생각한다. 오늘 박시환 고음보다 변상국 고음이 더 소름끼쳤다. 심사 위원 점수는 무의미하고 답없는 팬덤에 좌지우지되는 결과는 다 예상이되서 하나도 재미가 없다. 지금 추세로는 결승전은 보나마나구나. 다음주 슈스케는 볼 필요도 없다,0
2268897,산드라 물어나 보자.도대체 왜 찍었니?,0
5398418,약하다!! 무릎팍나올시간에 영화에 더 투자했다면.....,0
7169914,진짜 남자들 상하운동 욕구만 자극시키는 에로물,0
6031219,쓰레기,0
8962807,빨리좀 끝나라...으이그 처음엔재밌는줄알았는데이게뭐야!이리재미없다.,0
5070254,쓰레기 같은 3류 영화..,0
2001872,음..케이블에서 우연히 봤어요~ 여자주인공겨털안짜르셨더라고요~^^,0
9835833,베니 나와서 보게됬는데 재미있는듯!,1
9775994,먼가 있어 보인다 왠지..,1
9247641,잼나게 흥미진진하네요~~일주일에 한번 넘 아쉬워요...다음회 완죤 기대되요~~,1
8771447,1박 넘 재밌어요 시즌1때 팬들 다시 다 모여라 얍~~~!!,1
8775469,서현진 너무 이쁘다.. 잘만든 드라마,1
9811739,평점은 치마가 아니라 바지다,0
8534155,막판 전투신 빼면 수작인데.흠. 평점이 너무 낮음.,1
8080093,님들 이거 보지마셈 쓰레기 에요 .. 어떤사람이 무섭다고 뻥쳐서 봣는데 돈아까움,0
5685871,끝간데 없이 아름다웠던 정윤희의 모습!! 기차역 장면은 한평의 뮤직비디오~,1
9743386,호불호가 좀 갈리는 것 같네요. 전 그닥...추천하고 싶지 않은 영화네요.,0
520438,화면만 있고 내용은 없다. 철없는 아이들의 객기 한마당.,0
8711843,엄청난 소름이 주는히치콕영화,1
9214920,갈수록 등산을 한다..,0
8203458,명성의 남용. 뭐가 재미가 있어야 블랙이고 나발이고 코미디이고 영화지.,0
7782272,이게 원피스 극장판 최고? 삼류 야쿠자 물인줄 알았네,0
5168440,스토리와 캐릭터의 독특함 그리고 배경음악의 조화~ 가족애니 추천~~,1
1663455,굿이군요,1
8652405,이런 개후리덜덜. 이게 뭐야,0
8906237,X나 경건하게 봤다 내용은 모르겠으니 묻지마라,0
9840454,역시 애니메이션은 디즈니가 갑~스토리도 그렇고 영상도 뭔가 엉성해보이더라구요7세아들때문에 같이봤는데저는 졸면서봤네요.. 아들도 잼없대요..,0
9738230,기대 안하고 봤는데 생각보다 잔잔하니 좋았어요~효민 나무 둘레 돌면서 웃는거 정말 너무 이쁘고요~,1
992040,오다기리 죠는 맨날나와,0
6723593,잼있네여 ㅎㅎ 꽃놓고 가요~~,0
10072189,영화보고 다른 이유로 소름 끼친적은 처음이다.연기 너무 못하고 표현도 너무 이상하고 여러모로 소름끼쳐서 감탄을 하고 갑니다.,0
7418901,내가 이런거 잘안남기는데 ....평점보고 설마했는데 아놔 진짜결론은 남자는 여자그자체를 사랑하게된거고여자는 남자얼굴이 중요하고 잘생겨야 사랑할수있다는얘기야? 펙트가뭐야? 여자까는 내용인거야? 와~억지스런 연기하며 진짜 시간아까운 영화,0
8087479,넘 잼있어요 방송을 한주에 두번정도 했으면 좋겠어요 한회가 너무 아쉽네요,1
7212404,보고싶은데 대체 어디가서 봐야되나요ㅡ ㅡ 우리동네는 죄다 안하던데,1
7573073,345,0
1456890,찜질방서 봤다...아..최여진의 발목을 영원히 잡을 영화..,0
8394036,간만에 현실적인영화본거같아서 기분좋고 너무공감되는 스토리입니다 잘봤습니다.,1
9714863,제목에낚임ㅡㅡ; 귀신에홀려서토하고죽고 그게다임남편한테 4000원왜결제했냐고 화냄끝까지 못보겠어서 걍 끔~화난다진짜,0
10007595,내나이36 슬프다 앤딩노래 더슬프네,1
10182883,감동이었습니다. 추천해주고픈 가족영화란 생각입니다,1
2157138,디아워스의 계승을있는? 그러나 밋밋함은 어쩔수 없네,0
5327558,차라리 김득구 다큐멘터리가 더 감동적,0
8658441,몇몇 작품빼고 쓰레기 한쿡영화만 빨아대니까 영화에 발전도없고 보는 눈들도 낮아지는겨!,1
7369696,의리로준다,1
8848034,핸디켐으로 찍은 영상이 더욱 사실감 있게 다가온다.긴장감도 좋다,1
5715035,그냥.,0
9475085,킬링타임 스릴러 액션을 생각하며 시작했는데 열린결말이였다.,1
8537761,"B급 공포 영화의 기준에 못 미치고, 무엇보다 무섭지 않고 정말 지루하다는 것이 가장 큰 단점이다.",0
9145646,더빙이 애1새끼 장난인 줄 아나... 언제까지 아마추어로 사업할래?,0
2864146,치열한 극사실주의와 제니퍼 제이슨 리. 이 영화에 비하면 올리버 스톤이 약해보인다.,1
1333626,너무나뻔한스토리임,0
8938316,아 지루하다 주인공이 엄청 심각한 상황인 건 알겠는데.. 중간에 나옴,0
10269248,미래세계에서 sf 영화가 정말 발전이없는걸 우려한 영화제작사들이 sf 영화의 전설인 제임스 카메룬 감독을 과거로 보낸듯..도저히 1991년도 영화라고 믿겨지지않는다. 진심 미래에서 온듯,1
8683049,왜 금방 막내린줄 알아??? 같잖은 아이돌 하나로 인해 막내린거야.,0
9874114,포드주의를 통렬하게 비판한 찰리채플린 방식의 유쾌한 코메디그의 천재성이 돋보인다,1
10118328,말이필요없는 명작이다,1
6001450,10년도 더 된 영화지만 재밌었다. 이성재 짱,1
9835189,참 재미있었다. ㅎㅎㅎㅎ,1
8679238,권지용니가최고다 짱먹어라 사랑해,1
6237006,끝이 너무 헐랭헐랭하고 뭔가 있어보이려고 만든것 같음. 기대감에 봤는데 별로임,0
3424227,무엇보다 우리는 감독의 이름을 주시할 필요가 있다.,1
10158231,관객한테 왜자꾸 시비야?,0
8046695,구가의 서 짱! 구월령(최진혁) 짱! 서화(이연희) 짱!최강치(이승기) 짱! 담여울(수지) 짱!,1
4936123,지금 재미없는 영화를 보고 있습니까?...,0
5922705,재밋네요,1
5099196,이게 영화임? 영화관 들어설때 아무도 없는거 보고 눈치깠어야했어,0
8074346,재미가 있네요 ㅎㅎ 보세요,0
4625463,메릴스트립의 연기는 정말 대단하다. 정말 사람의 마음이란게... 어려워요ㅋㅋㅋ,1
10080346,기발한 스토리 적당한 유머 새로 접하는 유쾌한 영화였다.,1
8800264,평점이 8.26인것 웃고갑니다.,0
1659488,영상과 음악이 참 감각적이다. 이 영화도 괜찮네...,1
1689931,땅에 묻으시라고 한 분.. 땅에 진짜로 묻었답니다. 타임캡슐로..,0
9237303,4.44를 위하여...!,0
7473857,벙.... 찌다,0
7495215,의도가 뭐냐??? 꼭 저렇게 만들어야 하나???,0
1608649,두기봉의 최고 걸작!,1
9254686,사실 어떤면에서 봐도 현재 영화보다 딸리지 않는데,1
7496161,아 왠만하면 안쓰는데 작가 사람들 멘탈 붕괴시키려고 작정 했냐 진짜 드라마 짜증난다 왜케 드럽게 만드냐 아오 개막장드라마 ㅡㅡ,0
9847093,짱짱 그리고 저 구멍가게 어딘지 알았어요! 실제로 물건 많아요. 구멍가게 주소가서울 은평구 응암로34길 16-1옆이 에요!한번씩 가보세요 강추!,1
8429333,궁금한게있는데 솔까서 박정희대통령 시절때 누가 억울하게 죽었는지 궁금한데요,0
4497789,A급 배우에 뉴욕 남녀의 로맨스를 소재로 영화 만들면 무조건 인기있을줄 알았나봐,0
9578900,슬프고 맘아픈 영화..,1
10213464,가족들 관계에서 생기는 복잡미묘한 심리를 세심하게 표현해낸 것 같다. 오랜만에 많은 생각이 드는 영화를 만났다. 배우들 연기는 두말할 필요없이 훌륭하다,1
9966315,원작이 진리다 ....,0
6246214,일본영화가 왜 아시아에서 영향력을 잃어가는 보여주는 증거...,0
8705089,브라질 월드컵을 떠오르게 하는 삼바 리우카니발 축제 ㅎㅎ 아주 보기 좋았고너무 재미있었고 즐겁게 잘 봤다,1
9629545,처음으로 개봉일에 혼자보고왔음박해진 보러갔다가 진짜 박해진만 보고왔음ㅋ네명 전용관으로 보고옴..ㅋ 진짜 막장드라마 빨리 감기한거 같음.. 앞내용이 어이없어서 뒤에 울어야할 부분에서 눈물도 안남ㅋ,0
5979426,이거 개봉을 하긴 했나보네요 ㅎ 영화관에서 봤다는 사람도 있다보니...ㅋ,0
6734474,이걸 왜봄?,0
7259923,조금 독특한 프랑스판 여자 인디아나존스 ..다큐볼꺼 아니면 어드벤쳐영화로는 손색없지 않나?? 좀 더 마음을 열고 판타지를 즐기시길.. 평점이 너무 낮아서 10점 원래는 7점....,1
4343420,또 봐도 재밌는 영화. 할리우드만큼은 아니더라도 멋진 자동차 추격신...,1
8128103,90년대초 영화를 늦게 개봉한 줄 알았더니 정석원이 85년생이네...,0
9889935,진짜재미있는데 평점이왜이렇게낮지,1
7328302,개인적으로 꼽은 최고의 애니메이션,1
5070788,아담아담아담,1
9555179,우연히 보게됐는데정말 감동깊게 봤어요연기도 감성도 눈물까지 찡,1
9832579,첨엔 흥미진진했으나갑자기 막장 역시여자는 악의축 악의씨앗 불행의 시작 모든 역병의 원인 사회악 저출산의 원인 등등등,1
8896261,시간이 아깝다....,0
4495759,두사람 팬들만 보세요..멜로영화나 한편..하고 보면 정말..오그라듭니다...,0
9014762,김정훈? UN? 주연이 조연에게 연기력 딸리고 어색한 이상한영화 ..캐스팅실패로 망한듯 20분 보고 꺼버림... 배역의 문제 몰입도가 떨어짐,0
7346707,레전드란 말이 어울리는 몇 안되는 영화중 하나,1
8180530,이 대단한 영화를 보면서 누군가 이렇게 살아왔고 살아가고 있다는게 느껴진다,1
8189970,추천할만한 경제영화였음,1
4977131,마지막에 이런 감동과 여운이 있을 줄 이야...,1
497103,주인공에게 다가온 최대의 반전.. 간만에 좋은영화..,1
3883306,북극은 절대로 지켜지지않을거에요,0
6176926,무엇을 말하는지 이해를 못하겠다.,0
9589216,"영화티켓이 9,000원인데 양갱이 10,000원 소오름",0
1478134,어디 하나 흠잡을 곳 없는 영화+_+,1
8839795,꿀잼...여운너무남음,1
10155517,여배우가 분장을 안해도 귀신들린 사람같습니다,0
9954625,어처구니가 없네요... 문소리 같은 배우를 이런데 쓰다니..,0
9954138,1992년도 스릴러가 이정도의 완성도를 자랑하다니;; 수작,1
10140738,아이들이 너무 재미 있게봤습니다,1
8011058,"3부는 1, 2부에 비해 약간 늘어지는 느낌이 있었지만, 북부의 왕 롭 스타크와 어미의 죽음 같은 예상외 반전이 마음에 든다.",1
7614570,재수할때 공부 해야 하는데 자꾸 빠져들게 해서 공부를 못힌게 했던영화... 추억이 새록새록... 지금 EBS에서 하는데... 얘들하고 집사람이 점점 빠져드는데...,1
10216780,옛어른들이 그놈의 입이 웬수라고 했것다.,0
10040213,그냥 아무말 없이 보는내내 행복했다.,1
8490543,그냥 무조건 10점만점에 10점,1
9517988,아빠한테 속아서봄...,0
5761796,이게머야!!!!!!!!!!!,0
1740126,어렸을때 너무 재밌게 봤던 나의 로망,1
6645244,또 보고 싶은 드라마 중 하나..아직도 기억에 선명하다...,1
8939016,"이 정도면 교육적이고 감동적이고, 훌륭한 영화다.. 아내의 명대사가 기억에 남는다.. 파바로티가 틀렸다는 걸 보여줘!",1
5769864,있을때 잘해야 될것 같습니다.,1
5695918,우리나라에도 이런 지도자 나왔으면 ㅜㅡㅜ,1
3629891,어렸을때 재밌게봤음,1
9589928,외계인들!~포스터가 독특해서 봤는데보면서 계속 빨려들어갔네요재밌는 영화 팟팅!~^^,1
5140617,대박! 사람죽이는걸 이렇게 미화하다니...,0
9579251,좋은 배우들로 이게 머하는짓인지....,0
4160675,평점이왜이렇게낮지? 닌진짜 완전슬프던데 ㅠㅠㅠㅠㅠㅠㅠㅠㅠㅠㅠㅠㅠ,1
8015335,당시에 꽤 재밌게 봤다.,1
10277077,올레티비 무료로 보길 다행...,0
10003822,애들보기엔 좋겟네..,0
2010818,모지?,0
10275681,수지는. 사랑입니다????????????,1
9265223,전도연이 피해자로 그려지는 게 이해되지 않음. 성격이 착하든 나쁘든 내연녀는 정당화될 수 없다 제일 불쌍한 건 서우 아닌가? 결말도 너무 뜬금없다...멋만 잔뜩 잡아놓고 대사들도 너무 부자연스럽고 임상수감독이 왜 욕먹는지 알게 됨,0
4422221,페데리코역의 배우 너무 매력있다. 롭의 연기도 꽤 훌륭함. 두번보고싶어 지는 영화,1
480030,비록 신데렐라 스토리이긴 하지만 캐릭터 매력있고 재밌었어요♡,1
10000057,호기심가득 견자단 연기 몰입감 있어요,1
7422884,우물안 돼지는 적어도 재능을 훔치진 않아 ..,0
4851892,끝까지 보기가 힘들다... 간신히 다보긴 했다만 리메이크 정말 못했다,0
2533470,내가 태어나서 본 드라마 중 가장 재밌다! 시즌2 원츄!,1
4590623,그냥 그렇네..솔직히 재미없다.,0
8819301,한도 끝도없이 거짓에 거짓을 엮어 버리기에 심하게 유치함~ 유치에서 벗어나 어느정도 통쾌함도 주어야 하지않을까 멍청이처럼 보이기까지 하는 선한인간을 더 꼴 보기싫게 만듭니다 뻔한거짓도 모르는것처럼 넘어가는건 억지로 만들어내는듯,0
10095791,엥? 평점이 왜이렇게 높지?,0
3847056,지루하고 지루하다. 액션영화가 이렇게 지루해서야..,0
5347340,미안,0
10184382,역대 최악의 영화라고 당당하게 말할수있을것같다..,0
3454102,탱고 음악의 감동이 밀려온다.,1
7843479,감독이구혜선이라고생각안하고보면 괜찮음 나름생각도많이하게된 영화임,1
7480584,너무 재미없습니다. 깊이 있지도 않고 보는내내 시간이 아까워서 뜬금없는 히어로라니...ㅋ 그리고 저 샤크는 웬말... 결말은 ...무슨 애니메이션 보는줄,0
8735870,뭔진 모르지만...눈물이 흐른다....,1
3380205,영화가 갈수록 삼천포로 빠진다 . 공포 -> 에로 -> SF . 명확한 결말을 짓지 못하고..,0
5497957,킬링타임용으로는 적당하다.,0
7301907,보다가 일본인의 정신상태를 알게 되엇고 영화도 참 뭐같이 만들어서 아빠 죽는거 보다가 진짜 영화 안볼려다가 데스노트라서 다보긴 했는데 시간아깝고 참 영화 못만드네,0
9357512,수퍼맨 리턴즈는 어린이 영화도 어른스러운 영화가 될 수 있다는 것을 보여준 영화다.,1
8346195,진짜 고창석빼고 다 연기 존나못하네 김영호는 다른작품에선 괜찮게 봤는데 건달연기는 진짜 어색함 오글오글,0
6124381,그냥 킬링타임용....,0
7935980,진짜감동... 재밋게봣엇죠,1
9897399,엄청~!너무나!~~ 재미있네요~!,1
10055644,더럽게 최악이였음 졸리고 거기다가 역겹기만함 만약에 인간이 저런 상황에 닥치면 어떻게 될지에 대한 과학적인 근거는 볼수 있었음,0
8830695,몰입도 좋고 엄청 무서웠어요,1
10016047,"강예원, 오지호. 평소에 좋아하던 배우들이라 영화를 보게 되었습니다. 그들이 이런 저급한 영화를 찍을 정도로 급이 낮아졌는지 의심이 되네요.",0
394133,가벼운 마음으로 보면 정말 최고의 영화!,1
6245447,아버지가 찾은 진정한 미각과 음식의 의미,1
2674572,"가장 즐거운 영화 중 하나였다. 음악, 춤, 스토리 정말 구하기 어렵다 ㅠ_ㅠ",1
5697521,그래픽수준이 엄청떨어지네요 우뢰매도아니고옛날영화보는듯했어요,0
8882951,잘나가다가갈수록 재미없어지내요..반전 ㅋㅋ 웃기다,0
8484281,벽걸이 변기가 인상적이여서 1점,0
9868335,평점가는 진짜 볼만한 영화한테는 6점을 주는구나.. 성자의 상대적 해석. 영화가 마음을 움직였다면 잘만든거지,1
10144612,열글자를채워야하다니,1
452835,가슴 깊이 있던 응어리를 달래주는 이야기,1
1114980,여배우연기최악,0
257145,미니 드라이버가 개인적으로 좋았다,1
7437797,"개취는 있을 수 있으나, 마음 편히 볼 수 있는 드라마라는 것은 확실함...요즘 너무 자극적인 드라마도 많이 나오고, 이해가 안될만큼 과한 악역들이 많은데....보스를 지켜라는 딱히 악역이랄게 없어서...힐링되는 드라마..",1
3407238,강렬하면서도 독일스러운 영화... 그녀의 피아노선율처럼...,1
5140678,이거 별점깍는 새끼는 진짜 몹쓸놈이여,1
7177785,ㅎㅎ 진짜 너무 재밋게본듯,1
9977320,"너무 인터넷, sns에 빠지기 보다는 지금 내가 살고 있는 현실을 살아야겠다고 다시 한번 느끼게 해준 영화네요. 잘 봤습니다. 영화도 훌륭해요!!",1
4050987,우뢰매를 보는듯 하다..슈퍼맨을 죽인 영화..지금 다시 보니 영~,0
6986392,완벽하진 않지만 괜찮은 영화다,1
9205274,탄탄한 구성으로 이루어진 참신한 상상과 스케일이 인상적이었던 한편 단순히 미래의 상상으로만 그칠 내용이 아닌 이미 현실에서도 기계에 익숙해져 인간의 능력이 퇴화해가는 듯하여 다시금 생각해보게 되었다.,1
10123756,억지감동 엉망진창 스토리 이런 영화는 더이상 세상에 나오면 안된다.,0
6993060,곽지민이랑 김민준이 너무 아깝다. 연기는 진짜 좋은데 뭐임,0
7404185,으리가없는결말,0
5502423,마지막 와이어줄이 나올때 나는 소스라치게 놀랐다. 그 후로 보고 또 보고,1
9239107,교육적으로 좋은 내용인데 세계여행하면서 ..이번에는 세번째이야기 그런가 아이들이 시큰둥하네요.,1
7674365,"일단 7년전 영화치고 너무 촌스럽다..한20년도 더 되어보임...그리고 귀신에 놀란게 아니라 같이 일하던애가 더 깜짝 ㅋㅋ내가 이걸 왜봤을까나,,,",0
6557167,1점 ㅡㅡ,0
9151521,데드스페이스 네크로모프랑 꼭 닮았네 ㅋㅋ 킬링타임용 이하입니다.,0
8184286,답답한 영화.... 너무 재미없다,0
9851389,TV로 봤다 최고의 영화였다. 특히 김부선 연기 짱,1
9630100,마지막에 내가왕이될상인가에서 소름,1
9578310,난 별로였음...딱히 치밀한복수도 아니고 긴장도없고 뭔가 좀 엉성하네;; 망해가는 과정이 영화 3/2는 좀 길지 않았나...,0
5505085,원작에 대한 심각한 모독,0
5107115,너무 재미있어어요ㅎㅎ 정글피쉬3기대중 ㅎㅎ,1
8024835,공중파에서도 보고싶다jyj,1
10232225,아니 이건뭐 마지막에 싸울때 어두워서 뭐어떻게싸우는지보이지도않고 알수도없네 출연진이랑 감독이랑스텝만본거임? 재미없게만들엇으면 마지막장면이라도 좀제대로보여주던가 뭐 이렇게영화를만들수잇는거지??,0
136862,넘넘.. 이쁘게 나온 장백지..,1
1713843,난 괜찮은데. 나름 시사하는바도 있었고.,1
273034,"게리올드만에겐 딱맞는 역,레나올린의 웃음이 아직도 들려오는듯",1
9251895,말이 필요없음.크리스마스엔 엘프,1
3922686,왜 말론 브란도가 명배우이고 엘리아 카잔이 명감독인지를 보여주는 작품,1
8576907,겉은 그럴싸하게 포장했지만 결국 서양중심의 인식에서 한치도 빠져나오지 못함. 도대체가 서양놈들은 신이 없는 세상을 1초도 상상하지 못하는게 분명함. 감독이야말로 신에게 addicted 된건 아닌지 반성해보길 권유하고 싶음.,0
6665343,그냥 돈 아까움 환불 안되나,0
9095708,케이트 블란쳇 ㅠㅠ짝짝,1
10222247,내 인생 최고의 영화목록에 널 추가한다 ㅠㅠ!! 이 영화는 정말이지.. 나에게 있어서 최고다.,1
10001628,장동건의 오지랖에 암걸리는...,0
9910025,"세익스피어의 원작을 현대적 배경으로, 하지만 대사는 원작 그대로. .",1
7552637,단순고어물에 불과,0
9464945,결코 내가 감수성이 모자란 사람은 아니지만 감동이 크지도 않고 영하보는내내 지루하기만 하다. 시간때우기용이란 말이 딱 어울린다.,0
9576197,물체가 움직이거나 어떤 일이 진행되는 빠르기.,0
1892906,아 솔직히 너무 재미없다.ㅠㅠ,0
8142858,너무 가슴이 먹먹하다...갈수록 바뀌는 야기라유야의 표정이 가슴아프다,1
6452476,2시간의 러닝타임을 너무나 지루하게 채웠다 좋은 소스로 재밌는 영화를 연출해내지 못했다 가장 중요한건 지루하다,0
2546931,정말.. 너무 지루하다. 언제 알을 처치하나 싶어 보면서 스스로 대견스러웠다,0
10224681,나도모르게 눈물찔금나게한 도라에몽,1
4644722,훌륭한 영화,1
5829698,참신함과 패기를 상실한 국내단편의 현주소.,0
10124538,"평점 알바 많이도 고용했네ㅋㅋ내말이 거짓말인지 아닌지는 평점들 300개정도 내려보셈ㅋㅋ1.앞뒤없이 그냥 무작정 재밌다2.제임스완 찬양론3.파라노말,컨저링 비교 우위4.연출 짱이다는식이 네가지 파트를 이리저리 울궈먹었네 평점알바 작성양식ㅋ",0
10163544,원작이 훌륭하다고해서 기대했는데 소설도 엔딩이 이모냥인지...남주가 몇번이나 육탄전으로 이길수 있는 상황이었는데 너무 띠벙하고 극심한 화상을 입었는데고 병원을 안가는 것도 이해가 안간다. 더글라스를 사막에서 살짝 구워줬으면 별하나 더줬을듯,0
8074483,10년 후에 보아도 변함없는 감동,1
7532854,감동적이고 스릴있고.. 살면서 한번쯤은 겪어볼 기분을 잘 나타낸 명작!!!!!,1
7953222,완전 재미있어요. 스토리도 괜찮고.,1
9134323,글래디에이터와 함께 5번 넘게본 영화,1
9197016,"Good,,,...",1
5229264,아 괜히봤네 ㅡㅡ,0
10079164,1시간을 밤고구마 멕여놓고 15분동안 사이다 주는 영화. 정말 아줌마 행동 때문에 답답해서 죽을것 같을때 흥신소 고용. 두 OOO 한번에 잡아서 일타쌍피 사이다!,1
90021,재미없어!,0
943399,리셀웨폰보다 낫다..,1
7684743,쓰레기,0
1637154,진정한 친구란 이런 것이다! 친구에 대해서 다시금 돌아보게 해준 영화.,1
9982506,평점 올립시다. !!!,1
4268919,ㅋㅋㅋ아이거마지막까지욀케황당하지ㅋㅋㅋ스토리만봐도4점은줘야할영화임ㅋㅋ,1
8587960,ㅇㅇ OO 재밌음 개재밌음,0
3755689,사랑의 보상이 화대라니,0
8763065,아.. 이걸 왜 이제야 봤을까요.. 정말 감동이였습니다...,1
6063102,"완전 두준오빠가 좋아서 봤는데 점점 좋아짐,,ㅋㅋ",1
8610841,재미가 갈수록 없어요.이제 그만 하시면 안되나요?,0
9120745,"중2아이에게 강요했다니,충격이네요. 임권택감독님.작품성과 흥행결과를 떠나 평점 1점도 아깝고부끄럽네요. 반성하고 사과해주셨으면 해요.",0
1605469,어렸을때~ 이만한 작품 있었다~ 우리들의 로망~ 그때 당시~^^,1
7140492,잼있네요,1
8035519,솔까 8점이상은 나와야지 사람들이 너무 기대하고 봤나보네 나름 재미있게 보고 다시봐도 잼있어,1
4350703,재미없음 이건... 스피드가잼잇쥐,0
7641711,"만약 자신의 여자친구가 트와일라잇 시리즈를 좋아한다면, 억지로 봐야할 영화.",0
10251636,재미가 없다 재미가 없어,0
9133676,올레tv수준이이것밖에안되냐?저걸영화라고올려놓고돈받아쳐먹냐?영화보는내내돈아까워서보다가욕나와서안본다인터넷당장바꿔야겠당~~,0
7573808,선 평점 후 감상,1
3290336,극장에서 보다가 중간에 나오면 불행중 다행이라 할 수 있는 수준의 영화.,0
542733,내가 찍는게 났겠군..,0
162030,쓰레기 같은 아동 영화,0
9099027,"나도 swee님과 같은 생각을 했다. 추상적으로 표현해서 주인공 안의 악한 기운이 힘을 줄때도 있지만, 과하면 타락해버린다는것을 보여줬는데.. 무슨 나루토도 아니고.. 인상이 찌푸려졌다. 기술력 연출 등은 멋있었지만, 스토리 작품성은 떨어지는듯하다.",0
8011525,분장한거 보고 뿜기는 용가리이후에 첨이다,0
8641839,고라파덕등장 오오오오!!예예예예!!! 포켓몬스터 영화판,0
6985082,반미감정으로 댓글쓰는 놈들 살려두기엔 쌀이 아까워!!,1
3275424,최고,1
1562228,한국영화답지 않게 동심어리고 신선한 영화.. 추천!!,1
6931870,눈빛만 반뜻한 웨슬리 스나입스,0
10003212,이런류의 영화는 중국이 정말이지 잘만든다,1
9857158,내 인생 최고의 영화임. 재개봉한다니 기쁩니다.,1
190551,별 재미도 없고 짜증나는 내용이였지만 뒷내용이 궁금해서 그냥 봤었다,0
9459414,유지태의 사랑이 슬프게 느껴진다.,1
8705506,징그러웠다. 굉장히말이야,0
9438021,무협영화 좋아하시는 분이라면!! 꼭 보도록 합시다.,1
1684229,엉덩이 최고!,1
9360360,우연히 채널돌리다가 봤는데 재밌어서 채널안돌리고 계속봤네요 ~~~ 지상파인줄알았어요 ~주인공과 친모와 그딸의갈등은진부한소재이긴하지만.재밌어요 ~^,1
5149547,"처음 시작부터 봤는데,,,이제서야 빛을 보는구나 !! 정말 역전의 여왕이네 ^^",1
6796358,밀리터리 고증따위는 무시한다.,0
8256089,여자배우 혼자서 분신술로 1인 다역한다. 전설의 영화다,0
2787897,굿~~입니당!!,1
7329326,재미도 공포도 스릴도 전혀 없는 싸구려 삼류영화.,0
8978187,제목과 내용과 실화가 어울린다,1
